"country_iso2","country_iso3","country_en","country_lc","continent_code","continent_name","postal_code","postal_code_norm","place_name","region_1_lc","region_1_en","region_1_iso_code","region_2_lc","region_2_en","region_3_lc","region_3_en","region_4_lc","region_4_en","region_5_lc","region_5_en","latitude","longitude","timezone","utc_offset"
"MA","MAR","Morocco","المغرب","AF","Africa","32000","32000","","Al Hoceïma","Al Hoceima","MA-HOC","","Tanger-Tetouan-Al Hoceima","","Al-Hoceima","","","","",35.2516,-3.9372,"Africa/Casablanca","UTC+1.0"
"MA","MAR","Morocco","المغرب","AF","Africa","32003","32003","","","Ait Youssef Ou Ali","","","Tanger-Tetouan-Al Hoceima","","Al-Hoceima","","","","",35.1065,-3.9685,"Africa/Casablanca","UTC+1.0"
"MA","MAR","Morocco","المغرب","AF","Africa","32004","32004","","","Arbaa Taourirt","","","Tanger-Tetouan-Al Hoceima","","Al-Hoceima","","","","",34.9265,-3.832,"Africa/Casablanca","UTC+1.0"
"MA","MAR","Morocco","المغرب","AF","Africa","32006","32006","","","Rouadi","","","Tanger-Tetouan-Al Hoceima","","Al-Hoceima","","","","",35.1412,-4.1363,"Africa/Casablanca","UTC+1.0"
"MA","MAR","Morocco","المغرب","AF","Africa","32013","32013","","","Senada","","","Tanger-Tetouan-Al Hoceima","","Al-Hoceima","","","","",35.0745,-4.2158,"Africa/Casablanca","UTC+1.0"
"MA","MAR","Morocco","المغرب","AF","Africa","32014","32014","","","Torres De Alcala","","","Tanger-Tetouan-Al Hoceima","","Al-Hoceima","","","","",35.1521,-4.3259,"Africa/Casablanca","UTC+1.0"
"MA","MAR","Morocco","المغرب","AF","Africa","32022","32022","","","Ait Kamra","","","Tanger-Tetouan-Al Hoceima","","Al-Hoceima","","","","",35.0672,-3.9867,"Africa/Casablanca","UTC+1.0"
"MA","MAR","Morocco","المغرب","AF","Africa","32023","32023","","","Chakrane","","","Tanger-Tetouan-Al Hoceima","","Al-Hoceima","","","","",34.95,-3.98,"Africa/Casablanca","UTC+1.0"
"MA","MAR","Morocco","المغرب","AF","Africa","32024","32024","","","Izemmouren","","","Tanger-Tetouan-Al Hoceima","","Al-Hoceima","","","","",35.1844,-3.9933,"Africa/Casablanca","UTC+1.0"
"MA","MAR","Morocco","المغرب","AF","Africa","32050","32050","","","Bni Bouayach","","","Tanger-Tetouan-Al Hoceima","","Al-Hoceima","","","","",35.1051,-3.8403,"Africa/Casablanca","UTC+1.0"
"MA","MAR","Morocco","المغرب","AF","Africa","32072","32072","","","Nekkour","","","Tanger-Tetouan-Al Hoceima","","Al-Hoceima","","","","",35.0982,-4.0326,"Africa/Casablanca","UTC+1.0"
"MA","MAR","Morocco","المغرب","AF","Africa","32102","32102","","","Bni Boufrah","","","Tanger-Tetouan-Al Hoceima","","Al-Hoceima","","","","",35.1002,-4.3106,"Africa/Casablanca","UTC+1.0"
"MA","MAR","Morocco","المغرب","AF","Africa","32122","32122","","","Beni Gmil Mestassa","","","Tanger-Tetouan-Al Hoceima","","Al-Hoceima","","","","",35.0584,-4.1738,"Africa/Casablanca","UTC+1.0"
"MA","MAR","Morocco","المغرب","AF","Africa","32152","32152","","","Bni Hadifa","","","Tanger-Tetouan-Al Hoceima","","Al-Hoceima","","","","",35.0225,-4.1401,"Africa/Casablanca","UTC+1.0"
"MA","MAR","Morocco","المغرب","AF","Africa","32172","32172","","","Bni Abdallah","","","Tanger-Tetouan-Al Hoceima","","Al-Hoceima","","","","",35.0526,-4.0707,"Africa/Casablanca","UTC+1.0"
"MA","MAR","Morocco","المغرب","AF","Africa","32202","32202","","","Imrabten","","","Tanger-Tetouan-Al Hoceima","","Al-Hoceima","","","","",35.1464,-3.8506,"Africa/Casablanca","UTC+1.0"
"MA","MAR","Morocco","المغرب","AF","Africa","32250","32250","","","Imzouren","","","Tanger-Tetouan-Al Hoceima","","Al-Hoceima","","","","",35.1464,-3.8506,"Africa/Casablanca","UTC+1.0"
"MA","MAR","Morocco","المغرب","AF","Africa","32253","32253","","","Troukout","","","Tanger-Tetouan-Al Hoceima","","Al-Hoceima","","","","",35.1464,-3.8506,"Africa/Casablanca","UTC+1.0"
"MA","MAR","Morocco","المغرب","AF","Africa","32302","32302","","","Issaguen","","","Tanger-Tetouan-Al Hoceima","","Al-Hoceima","","","","",34.9391,-4.4938,"Africa/Casablanca","UTC+1.0"
"MA","MAR","Morocco","المغرب","AF","Africa","32322","32322","","","Ikaouen","","","Tanger-Tetouan-Al Hoceima","","Al-Hoceima","","","","",34.7492,-4.6575,"Africa/Casablanca","UTC+1.0"
"MA","MAR","Morocco","المغرب","AF","Africa","32323","32323","","","Ketama","","","Tanger-Tetouan-Al Hoceima","","Al-Hoceima","","","","",34.9177,-4.5713,"Africa/Casablanca","UTC+1.0"
"MA","MAR","Morocco","المغرب","AF","Africa","32324","32324","","","Tabarannt","","","Tanger-Tetouan-Al Hoceima","","Al-Hoceima","","","","",34.9395,-4.5522,"Africa/Casablanca","UTC+1.0"
"MA","MAR","Morocco","المغرب","AF","Africa","32325","32325","","","Taghzout","","","Tanger-Tetouan-Al Hoceima","","Al-Hoceima","","","","",35.1517,-4.4277,"Africa/Casablanca","UTC+1.0"
"MA","MAR","Morocco","المغرب","AF","Africa","32326","32326","","","Tizi Tchen","","","Tanger-Tetouan-Al Hoceima","","Al-Hoceima","","","","",34.9395,-4.5522,"Africa/Casablanca","UTC+1.0"
"MA","MAR","Morocco","المغرب","AF","Africa","32350","32350","","","Targuist","","","Tanger-Tetouan-Al Hoceima","","Al-Hoceima","","","","",34.9377,-4.3186,"Africa/Casablanca","UTC+1.0"
"MA","MAR","Morocco","المغرب","AF","Africa","32352","32352","","","Bni Ammart","","","Tanger-Tetouan-Al Hoceima","","Al-Hoceima","","","","",34.9377,-4.3186,"Africa/Casablanca","UTC+1.0"
"MA","MAR","Morocco","المغرب","AF","Africa","32372","32372","","","Ain Benabbou","","","Tanger-Tetouan-Al Hoceima","","Al-Hoceima","","","","",34.9391,-4.4938,"Africa/Casablanca","UTC+1.0"
"MA","MAR","Morocco","المغرب","AF","Africa","32373","32373","","","Bni Bounsar","","","Tanger-Tetouan-Al Hoceima","","Al-Hoceima","","","","",34.9391,-4.4938,"Africa/Casablanca","UTC+1.0"
"MA","MAR","Morocco","المغرب","AF","Africa","32374","32374","","","Bni Bchir","","","Tanger-Tetouan-Al Hoceima","","Al-Hoceima","","","","",34.9391,-4.4938,"Africa/Casablanca","UTC+1.0"
"MA","MAR","Morocco","المغرب","AF","Africa","32375","32375","","","Sidi Bouzineb","","","Tanger-Tetouan-Al Hoceima","","Al-Hoceima","","","","",34.9391,-4.4938,"Africa/Casablanca","UTC+1.0"
"MA","MAR","Morocco","المغرب","AF","Africa","91000","91000","","Chefchaouen","Chefchaouen","MA-CHE","","Tanger-Tetouan-Al Hoceima","","Chefchaouen Province","","","","",35.1688,-5.2636,"Africa/Casablanca","UTC+1.0"
"MA","MAR","Morocco","المغرب","AF","Africa","91002","91002","","","Bab Taza","","","Tanger-Tetouan-Al Hoceima","","Chefchaouen Province","","","","",35.0617,-5.1983,"Africa/Casablanca","UTC+1.0"
"MA","MAR","Morocco","المغرب","AF","Africa","91003","91003","","","Steha","","","Tanger-Tetouan-Al Hoceima","","Chefchaouen Province","","","","",35.1152,-5.2309,"Africa/Casablanca","UTC+1.0"
"MA","MAR","Morocco","المغرب","AF","Africa","91022","91022","","","Ain Beida","","","Tanger-Tetouan-Al Hoceima","","Chefchaouen Province","","","","",35.0839,-5.0052,"Africa/Casablanca","UTC+1.0"
"MA","MAR","Morocco","المغرب","AF","Africa","91023","91023","","","Asifane","","","Tanger-Tetouan-Al Hoceima","","Chefchaouen Province","","","","",35.1136,-4.9709,"Africa/Casablanca","UTC+1.0"
"MA","MAR","Morocco","المغرب","AF","Africa","91024","91024","","","Asjen","","","Tanger-Tetouan-Al Hoceima","","Chefchaouen Province","","","","",35.0839,-5.0052,"Africa/Casablanca","UTC+1.0"
"MA","MAR","Morocco","المغرب","AF","Africa","91025","91025","","","Beni Rzen","","","Tanger-Tetouan-Al Hoceima","","Chefchaouen Province","","","","",34.98,-5.4234,"Africa/Casablanca","UTC+1.0"
"MA","MAR","Morocco","المغرب","AF","Africa","91026","91026","","","Brikcha","","","Tanger-Tetouan-Al Hoceima","","Chefchaouen Province","","","","",35.0839,-5.0052,"Africa/Casablanca","UTC+1.0"
"MA","MAR","Morocco","المغرب","AF","Africa","91032","91032","","","Derkoul","","","Tanger-Tetouan-Al Hoceima","","Chefchaouen Province","","","","",35.2294,-5.2368,"Africa/Casablanca","UTC+1.0"
"MA","MAR","Morocco","المغرب","AF","Africa","91033","91033","","","Fifi","","","Tanger-Tetouan-Al Hoceima","","Chefchaouen Province","","","","",34.9487,-5.248,"Africa/Casablanca","UTC+1.0"
"MA","MAR","Morocco","المغرب","AF","Africa","91034","91034","","","Beni Bouzra","","","Tanger-Tetouan-Al Hoceima","","Chefchaouen Province","","","","",35.2294,-5.2368,"Africa/Casablanca","UTC+1.0"
"MA","MAR","Morocco","المغرب","AF","Africa","91035","91035","","","Kaa Asrass","","","Tanger-Tetouan-Al Hoceima","","Chefchaouen Province","","","","",35.2294,-5.2368,"Africa/Casablanca","UTC+1.0"
"MA","MAR","Morocco","المغرب","AF","Africa","91036","91036","","","Tassift","","","Tanger-Tetouan-Al Hoceima","","Chefchaouen Province","","","","",35.0839,-5.0052,"Africa/Casablanca","UTC+1.0"
"MA","MAR","Morocco","المغرب","AF","Africa","91042","91042","","","Derdera","","","Tanger-Tetouan-Al Hoceima","","Chefchaouen Province","","","","",35.1781,-5.3216,"Africa/Casablanca","UTC+1.0"
"MA","MAR","Morocco","المغرب","AF","Africa","91043","91043","","","Had Rhdir Krouch","","","Tanger-Tetouan-Al Hoceima","","Chefchaouen Province","","","","",35.1781,-5.3216,"Africa/Casablanca","UTC+1.0"
"MA","MAR","Morocco","المغرب","AF","Africa","91044","91044","","","Talembote","","","Tanger-Tetouan-Al Hoceima","","Chefchaouen Province","","","","",35.2516,-5.1825,"Africa/Casablanca","UTC+1.0"
"MA","MAR","Morocco","المغرب","AF","Africa","91045","91045","","","Tanacob","","","Tanger-Tetouan-Al Hoceima","","Chefchaouen Province","","","","",35.1045,-5.4608,"Africa/Casablanca","UTC+1.0"
"MA","MAR","Morocco","المغرب","AF","Africa","91046","91046","","","Tlata Assifane","","","Tanger-Tetouan-Al Hoceima","","Chefchaouen Province","","","","",35.1781,-5.3216,"Africa/Casablanca","UTC+1.0"
"MA","MAR","Morocco","المغرب","AF","Africa","91052","91052","","","Bab Berret","","","Tanger-Tetouan-Al Hoceima","","Chefchaouen Province","","","","",34.9983,-4.893,"Africa/Casablanca","UTC+1.0"
"MA","MAR","Morocco","المغرب","AF","Africa","91072","91072","","","Tamorote","","","Tanger-Tetouan-Al Hoceima","","Chefchaouen Province","","","","",34.9363,-4.7794,"Africa/Casablanca","UTC+1.0"
"MA","MAR","Morocco","المغرب","AF","Africa","91073","91073","","","Iouane","","","Tanger-Tetouan-Al Hoceima","","Chefchaouen Province","","","","",34.9363,-4.7794,"Africa/Casablanca","UTC+1.0"
"MA","MAR","Morocco","المغرب","AF","Africa","91102","91102","","","Bni Ahmed","","","Tanger-Tetouan-Al Hoceima","","Chefchaouen Province","","","","",35.1064,-4.9389,"Africa/Casablanca","UTC+1.0"
"MA","MAR","Morocco","المغرب","AF","Africa","91122","91122","","","El Melha","","","Tanger-Tetouan-Al Hoceima","","Chefchaouen Province","","","","",35.134,-5.3659,"Africa/Casablanca","UTC+1.0"
"MA","MAR","Morocco","المغرب","AF","Africa","91123","91123","","","Bni Ahmed Gharbia","","","Tanger-Tetouan-Al Hoceima","","Chefchaouen Province","","","","",35.134,-5.3659,"Africa/Casablanca","UTC+1.0"
"MA","MAR","Morocco","المغرب","AF","Africa","91124","91124","","","Mansoura","","","Tanger-Tetouan-Al Hoceima","","Chefchaouen Province","","","","",35.134,-5.3659,"Africa/Casablanca","UTC+1.0"
"MA","MAR","Morocco","المغرب","AF","Africa","91152","91152","","","Mokrisset","","","Tanger-Tetouan-Al Hoceima","","Chefchaouen Province","","","","",35.0839,-5.0052,"Africa/Casablanca","UTC+1.0"
"MA","MAR","Morocco","المغرب","AF","Africa","91153","91153","","","Jebha","","","Tanger-Tetouan-Al Hoceima","","Chefchaouen Province","","","","",35.2055,-4.6652,"Africa/Casablanca","UTC+1.0"
"MA","MAR","Morocco","المغرب","AF","Africa","91172","91172","","","Bni Smih","","","Tanger-Tetouan-Al Hoceima","","Chefchaouen Province","","","","",35.1312,-4.6553,"Africa/Casablanca","UTC+1.0"
"MA","MAR","Morocco","المغرب","AF","Africa","91173","91173","","","Amtar","","","Tanger-Tetouan-Al Hoceima","","Chefchaouen Province","","","","",35.2425,-4.7925,"Africa/Casablanca","UTC+1.0"
"MA","MAR","Morocco","المغرب","AF","Africa","91174","91174","","","Ouaouzgane","","","Tanger-Tetouan-Al Hoceima","","Chefchaouen Province","","","","",35.0199,-4.5181,"Africa/Casablanca","UTC+1.0"
"MA","MAR","Morocco","المغرب","AF","Africa","91202","91202","","","Zoumi","","","Tanger-Tetouan-Al Hoceima","","Chefchaouen Province","","","","",35.0839,-5.0052,"Africa/Casablanca","UTC+1.0"
"MA","MAR","Morocco","المغرب","AF","Africa","94022","94022","","","Bahraouiyne Tanja","","","Tanger-Tetouan-Al Hoceima","","Fahs-Anjra","","","","",35.7132,-5.6967,"Africa/Casablanca","UTC+1.0"
"MA","MAR","Morocco","المغرب","AF","Africa","94023","94023","","","Bahriyne El Aouama","","","Tanger-Tetouan-Al Hoceima","","Fahs-Anjra","","","","",35.7132,-5.6967,"Africa/Casablanca","UTC+1.0"
"MA","MAR","Morocco","المغرب","AF","Africa","94025","94025","","","El Borch","","","Tanger-Tetouan-Al Hoceima","","Fahs-Anjra","","","","",35.7132,-5.6967,"Africa/Casablanca","UTC+1.0"
"MA","MAR","Morocco","المغرب","AF","Africa","94026","94026","","","Zoco Jemis De Anyera","","","Tanger-Tetouan-Al Hoceima","","Fahs-Anjra","","","","",35.7132,-5.6967,"Africa/Casablanca","UTC+1.0"
"MA","MAR","Morocco","المغرب","AF","Africa","94031","94031","","","Hakkama","","","Tanger-Tetouan-Al Hoceima","","Fahs-Anjra","","","","",35.6548,-5.6836,"Africa/Casablanca","UTC+1.0"
"MA","MAR","Morocco","المغرب","AF","Africa","94053","94053","","","Melloussa","","","Tanger-Tetouan-Al Hoceima","","Fahs-Anjra","","","","",35.737,-5.6314,"Africa/Casablanca","UTC+1.0"
"MA","MAR","Morocco","المغرب","AF","Africa","94122","94122","","","Tarhremt","","","Tanger-Tetouan-Al Hoceima","","Fahs-Anjra","","","","",35.7877,-5.4709,"Africa/Casablanca","UTC+1.0"
"MA","MAR","Morocco","المغرب","AF","Africa","94152","94152","","","Ksar Sghir","","","Tanger-Tetouan-Al Hoceima","","Fahs-Anjra","","","","",35.8421,-5.5543,"Africa/Casablanca","UTC+1.0"
"MA","MAR","Morocco","المغرب","AF","Africa","92000","92000","","Larache","Larache","MA-LAR","","Tanger-Tetouan-Al Hoceima","","Larache","","","","",35.1932,-6.1557,"Africa/Casablanca","UTC+1.0"
"MA","MAR","Morocco","المغرب","AF","Africa","92002","92002","","","Sebt Bni Garfet","","","Tanger-Tetouan-Al Hoceima","","Larache","","","","",35.1932,-6.1557,"Africa/Casablanca","UTC+1.0"
"MA","MAR","Morocco","المغرب","AF","Africa","92022","92022","","","Arbaa Ayacha","","","Tanger-Tetouan-Al Hoceima","","Larache","","","","",35.3868,-5.8883,"Africa/Casablanca","UTC+1.0"
"MA","MAR","Morocco","المغرب","AF","Africa","92023","92023","","","Sidi Ali","","","Tanger-Tetouan-Al Hoceima","","Larache","","","","",35.3035,-5.7799,"Africa/Casablanca","UTC+1.0"
"MA","MAR","Morocco","المغرب","AF","Africa","92024","92024","","","Zaaroura","","","Tanger-Tetouan-Al Hoceima","","Larache","","","","",35.2201,-5.6715,"Africa/Casablanca","UTC+1.0"
"MA","MAR","Morocco","المغرب","AF","Africa","92052","92052","","","Al Aouamra","","","Tanger-Tetouan-Al Hoceima","","Larache","","","","",35.2117,-5.9437,"Africa/Casablanca","UTC+1.0"
"MA","MAR","Morocco","المغرب","AF","Africa","92072","92072","","","Zouada","","","Tanger-Tetouan-Al Hoceima","","Larache","","","","",35.0468,-6.0592,"Africa/Casablanca","UTC+1.0"
"MA","MAR","Morocco","المغرب","AF","Africa","92102","92102","","","Khemis Sahel","","","Tanger-Tetouan-Al Hoceima","","Larache","","","","",35.2534,-6.0796,"Africa/Casablanca","UTC+1.0"
"MA","MAR","Morocco","المغرب","AF","Africa","92150","92150","","","Ksar El Kebir","","","Tanger-Tetouan-Al Hoceima","","Larache","","","","",35.0004,-5.9038,"Africa/Casablanca","UTC+1.0"
"MA","MAR","Morocco","المغرب","AF","Africa","92172","92172","","","Mecherah","","","Tanger-Tetouan-Al Hoceima","","Larache","","","","",35.1269,-5.9917,"Africa/Casablanca","UTC+1.0"
"MA","MAR","Morocco","المغرب","AF","Africa","92173","92173","","","Souk Tolba","","","Tanger-Tetouan-Al Hoceima","","Larache","","","","",35.1269,-5.9917,"Africa/Casablanca","UTC+1.0"
"MA","MAR","Morocco","المغرب","AF","Africa","92202","92202","","","Tatoufet","","","Tanger-Tetouan-Al Hoceima","","Larache","","","","",35.0327,-5.7738,"Africa/Casablanca","UTC+1.0"
"MA","MAR","Morocco","المغرب","AF","Africa","92252","92252","","","Tlata Rissana","","","Tanger-Tetouan-Al Hoceima","","Larache","","","","",35.0327,-5.7738,"Africa/Casablanca","UTC+1.0"
"MA","MAR","Morocco","المغرب","AF","Africa","92272","92272","","","Rissana Janoubia","","","Tanger-Tetouan-Al Hoceima","","Larache","","","","",35.0327,-5.7738,"Africa/Casablanca","UTC+1.0"
"MA","MAR","Morocco","المغرب","AF","Africa","93034","93034","","","Moulay Abdesslam","","","Tanger-Tetouan-Al Hoceima","","Larache","","","","",35.553,-5.2447,"Africa/Casablanca","UTC+1.0"
"MA","MAR","Morocco","المغرب","AF","Africa","90025","90025","","","Hajr Enhal","","","Tanger-Tetouan-Al Hoceima","","Tanger-Assilah","","","","",35.4509,-5.8449,"Africa/Casablanca","UTC+1.0"
"MA","MAR","Morocco","المغرب","AF","Africa","90036","90036","","","Sebt Zeniate","","","Tanger-Tetouan-Al Hoceima","","Tanger-Assilah","","","","",35.4509,-5.8449,"Africa/Casablanca","UTC+1.0"
"MA","MAR","Morocco","المغرب","AF","Africa","90050","90050","","","Assilah","","","Tanger-Tetouan-Al Hoceima","","Tanger-Assilah","","","","",35.4652,-6.0342,"Africa/Casablanca","UTC+1.0"
"MA","MAR","Morocco","المغرب","AF","Africa","90052","90052","","","Dar Chaoui","","","Tanger-Tetouan-Al Hoceima","","Tanger-Assilah","","","","",35.5377,-5.7174,"Africa/Casablanca","UTC+1.0"
"MA","MAR","Morocco","المغرب","AF","Africa","90054","90054","","","Tnine Sidi El Yamani","","","Tanger-Tetouan-Al Hoceima","","Tanger-Assilah","","","","",35.3693,-5.9724,"Africa/Casablanca","UTC+1.0"
"MA","MAR","Morocco","المغرب","AF","Africa","90102","90102","","","Gzenaya","","","Tanger-Tetouan-Al Hoceima","","Tanger-Assilah","","","","",35.4637,-5.8621,"Africa/Casablanca","UTC+1.0"
"MA","MAR","Morocco","المغرب","AF","Africa","90302","90302","","","Had Rharbia","","","Tanger-Tetouan-Al Hoceima","","Tanger-Assilah","","","","",35.5151,-5.9308,"Africa/Casablanca","UTC+1.0"
"MA","MAR","Morocco","المغرب","AF","Africa","90072","90072","","","Bghaghza","","","Tanger-Tetouan-Al Hoceima","","Tetouan","","","","",35.4314,-5.6557,"Africa/Casablanca","UTC+1.0"
"MA","MAR","Morocco","المغرب","AF","Africa","93015","93015","","","Asmaten","","","Tanger-Tetouan-Al Hoceima","","Tetouan","","","","",35.553,-5.2447,"Africa/Casablanca","UTC+1.0"
"MA","MAR","Morocco","المغرب","AF","Africa","93022","93022","","","Azla","","","Tanger-Tetouan-Al Hoceima","","Tetouan","","","","",35.553,-5.2447,"Africa/Casablanca","UTC+1.0"
"MA","MAR","Morocco","المغرب","AF","Africa","93023","93023","","","Beni Yder","","","Tanger-Tetouan-Al Hoceima","","Tetouan","","","","",35.553,-5.2447,"Africa/Casablanca","UTC+1.0"
"MA","MAR","Morocco","المغرب","AF","Africa","93024","93024","","","Dar Ben Saddouk","","","Tanger-Tetouan-Al Hoceima","","Tetouan","","","","",35.553,-5.2447,"Africa/Casablanca","UTC+1.0"
"MA","MAR","Morocco","المغرب","AF","Africa","93026","93026","","","El Fendeq","","","Tanger-Tetouan-Al Hoceima","","Tetouan","","","","",35.553,-5.2447,"Africa/Casablanca","UTC+1.0"
"MA","MAR","Morocco","المغرب","AF","Africa","93032","93032","","","Zaouia Sidi Kacem","","","Tanger-Tetouan-Al Hoceima","","Tetouan","","","","",35.553,-5.2447,"Africa/Casablanca","UTC+1.0"
"MA","MAR","Morocco","المغرب","AF","Africa","93033","93033","","","Jemaa El Oued","","","Tanger-Tetouan-Al Hoceima","","Tetouan","","","","",35.553,-5.2447,"Africa/Casablanca","UTC+1.0"
"MA","MAR","Morocco","المغرب","AF","Africa","93052","93052","","","Bni Karrich Fouki","","","Tanger-Tetouan-Al Hoceima","","Tetouan","","","","",35.553,-5.2447,"Africa/Casablanca","UTC+1.0"
