"country_code","country_lc","country_en","region1_lc","region1_en","region2_lc","region2_en","region3_lc","region3_en","region4_lc","region4_en","region5_lc","region5_en","region6_lc","region6_en","timezone","utc"
"SA","العربية السعودية","Saudi Arabia","المنطقة الشرقية","Eastern Province","أم العراد","Umm Al Arad","","","","","","","","","Arabia Standard Time","+03.00"
"SA","العربية السعودية","Saudi Arabia","المنطقة الشرقية","Eastern Province","أم غور","Umm Ghawr","الرابية","Al Rabiyah","","","","","","","Arabia Standard Time","+03.00"
"SA","العربية السعودية","Saudi Arabia","المنطقة الشرقية","Eastern Province","أم غور","Umm Ghawr","","","","","","","","","Arabia Standard Time","+03.00"
"SA","العربية السعودية","Saudi Arabia","المنطقة الشرقية","Eastern Province","ابرقية","Abraqiyah","","","","","","","","","Arabia Standard Time","+03.00"
"SA","العربية السعودية","Saudi Arabia","المنطقة الشرقية","Eastern Province","ابن سرحان","Ibn Sirhan","","","","","","","","","Arabia Standard Time","+03.00"
"SA","العربية السعودية","Saudi Arabia","المنطقة الشرقية","Eastern Province","ابن شرار","Ibn Sharar","","","","","","","","","Arabia Standard Time","+03.00"
"SA","العربية السعودية","Saudi Arabia","المنطقة الشرقية","Eastern Province","ابن طوالة","Ibn Tuwalah","","","","","","","","","Arabia Standard Time","+03.00"
"SA","العربية السعودية","Saudi Arabia","المنطقة الشرقية","Eastern Province","ابو حدرية","Abu Hadriyah","","","","","","","","","Arabia Standard Time","+03.00"
"SA","العربية السعودية","Saudi Arabia","المنطقة الشرقية","Eastern Province","ابو طوطاحه البرازي","Abu Tutahah Al Barazi","","","","","","","","","Arabia Standard Time","+03.00"
"SA","العربية السعودية","Saudi Arabia","المنطقة الشرقية","Eastern Province","ابو معن","Abu Maan","ابو معن","Abu Main","","","","","","","Arabia Standard Time","+03.00"
"SA","العربية السعودية","Saudi Arabia","المنطقة الشرقية","Eastern Province","ابو معن","Abu Maan","الرويحة","Al Ruwaihah","","","","","","","Arabia Standard Time","+03.00"
"SA","العربية السعودية","Saudi Arabia","المنطقة الشرقية","Eastern Province","ابو معن","Abu Maan","المصيف","Al Masif","","","","","","","Arabia Standard Time","+03.00"
"SA","العربية السعودية","Saudi Arabia","المنطقة الشرقية","Eastern Province","ابو معن","Abu Maan","","","","","","","","","Arabia Standard Time","+03.00"
"SA","العربية السعودية","Saudi Arabia","المنطقة الشرقية","Eastern Province","الاحساء","Al Ahsa","الاندلس","Al Andalus","","","","","","","Arabia Standard Time","+03.00"
"SA","العربية السعودية","Saudi Arabia","المنطقة الشرقية","Eastern Province","الاحساء","Al Ahsa","البساتين","Al Basatin","","","","","","","Arabia Standard Time","+03.00"
"SA","العربية السعودية","Saudi Arabia","المنطقة الشرقية","Eastern Province","الاحساء","Al Ahsa","السحيمية","Al Suhaimiyah","","","","","","","Arabia Standard Time","+03.00"
"SA","العربية السعودية","Saudi Arabia","المنطقة الشرقية","Eastern Province","الاحساء","Al Ahsa","السلام الأول","Al Salam 1st","","","","","","","Arabia Standard Time","+03.00"
"SA","العربية السعودية","Saudi Arabia","المنطقة الشرقية","Eastern Province","الاحساء","Al Ahsa","الصناعية","Al Sinaiyah","","","","","","","Arabia Standard Time","+03.00"
"SA","العربية السعودية","Saudi Arabia","المنطقة الشرقية","Eastern Province","الاحساء","Al Ahsa","العليا","Al Olaya","","","","","","","Arabia Standard Time","+03.00"
"SA","العربية السعودية","Saudi Arabia","المنطقة الشرقية","Eastern Province","الاحساء","Al Ahsa","الفيصل","Al Faisal","","","","","","","Arabia Standard Time","+03.00"
"SA","العربية السعودية","Saudi Arabia","المنطقة الشرقية","Eastern Province","الاحساء","Al Ahsa","بو سحبل الأول","Abu Sahbal 1st","","","","","","","Arabia Standard Time","+03.00"
"SA","العربية السعودية","Saudi Arabia","المنطقة الشرقية","Eastern Province","الاحساء","Al Ahsa","قرطبة","Qurtubah","","","","","","","Arabia Standard Time","+03.00"
"SA","العربية السعودية","Saudi Arabia","المنطقة الشرقية","Eastern Province","الاحساء","Al Ahsa","محاسن ارامكو الأول","Mahasin Aramco 1st","","","","","","","Arabia Standard Time","+03.00"
"SA","العربية السعودية","Saudi Arabia","المنطقة الشرقية","Eastern Province","الاحساء","Al Ahsa","محاسن ارامكو الخامس","Mahasin Aramco 5th","","","","","","","Arabia Standard Time","+03.00"
"SA","العربية السعودية","Saudi Arabia","المنطقة الشرقية","Eastern Province","الاحساء","Al Ahsa","محاسن الثاني","Mahasin 2nd","","","","","","","Arabia Standard Time","+03.00"
"SA","العربية السعودية","Saudi Arabia","المنطقة الشرقية","Eastern Province","الاحساء","Al Ahsa","محيرس","Mahairis","","","","","","","Arabia Standard Time","+03.00"
"SA","العربية السعودية","Saudi Arabia","المنطقة الشرقية","Eastern Province","الاحساء","Al Ahsa","مدينة الملك عبدالله العسكرية","King Abdullah Military City","","","","","","","Arabia Standard Time","+03.00"
"SA","العربية السعودية","Saudi Arabia","المنطقة الشرقية","Eastern Province","الاحساء","Al Ahsa","","","","","","","","","Arabia Standard Time","+03.00"
"SA","العربية السعودية","Saudi Arabia","المنطقة الشرقية","Eastern Province","البقيق","Al Baqaiq","","","","","","","","","Arabia Standard Time","+03.00"
"SA","العربية السعودية","Saudi Arabia","المنطقة الشرقية","Eastern Province","البويبيات","Al Buwaybiyat","الروضة","Al Rawdah","","","","","","","Arabia Standard Time","+03.00"
"SA","العربية السعودية","Saudi Arabia","المنطقة الشرقية","Eastern Province","البويبيات","Al Buwaybiyat","","","","","","","","","Arabia Standard Time","+03.00"
"SA","العربية السعودية","Saudi Arabia","المنطقة الشرقية","Eastern Province","التوضيحية","Al Tawdihiyyah","","","","","","","","","Arabia Standard Time","+03.00"
"SA","العربية السعودية","Saudi Arabia","المنطقة الشرقية","Eastern Province","الثمامة","Al Thumamah","","","","","","","","","Arabia Standard Time","+03.00"
"SA","العربية السعودية","Saudi Arabia","المنطقة الشرقية","Eastern Province","الجبيل","Al Jubail","ابو موسى الاشعري","Abu Musa Al Ashary","","","","","","","Arabia Standard Time","+03.00"
"SA","العربية السعودية","Saudi Arabia","المنطقة الشرقية","Eastern Province","الجبيل","Al Jubail","الجوهرة","Al Jawharah","","","","","","","Arabia Standard Time","+03.00"
"SA","العربية السعودية","Saudi Arabia","المنطقة الشرقية","Eastern Province","الجبيل","Al Jubail","الحجاز","Al Hijaz","","","","","","","Arabia Standard Time","+03.00"
"SA","العربية السعودية","Saudi Arabia","المنطقة الشرقية","Eastern Province","الجبيل","Al Jubail","الحمراء","Al Hamra","","","","","","","Arabia Standard Time","+03.00"
"SA","العربية السعودية","Saudi Arabia","المنطقة الشرقية","Eastern Province","الجبيل","Al Jubail","الحويلات","Al Huwaylat","","","","","","","Arabia Standard Time","+03.00"
"SA","العربية السعودية","Saudi Arabia","المنطقة الشرقية","Eastern Province","الجبيل","Al Jubail","الروضة","Al Rawdah","","","","","","","Arabia Standard Time","+03.00"
"SA","العربية السعودية","Saudi Arabia","المنطقة الشرقية","Eastern Province","الجبيل","Al Jubail","السلام","Al Salam","","","","","","","Arabia Standard Time","+03.00"
"SA","العربية السعودية","Saudi Arabia","المنطقة الشرقية","Eastern Province","الجبيل","Al Jubail","الضباب","Al Dabab","","","","","","","Arabia Standard Time","+03.00"
"SA","العربية السعودية","Saudi Arabia","المنطقة الشرقية","Eastern Province","الجبيل","Al Jubail","العزيزية","Al Aziziyah","","","","","","","Arabia Standard Time","+03.00"
"SA","العربية السعودية","Saudi Arabia","المنطقة الشرقية","Eastern Province","الجبيل","Al Jubail","الفاروق","Al Farouq","","","","","","","Arabia Standard Time","+03.00"
"SA","العربية السعودية","Saudi Arabia","المنطقة الشرقية","Eastern Province","الجبيل","Al Jubail","الفردوس","Al Firdaws","","","","","","","Arabia Standard Time","+03.00"
"SA","العربية السعودية","Saudi Arabia","المنطقة الشرقية","Eastern Province","الجبيل","Al Jubail","الفيحاء","Al Fayha","","","","","","","Arabia Standard Time","+03.00"
"SA","العربية السعودية","Saudi Arabia","المنطقة الشرقية","Eastern Province","الجبيل","Al Jubail","اللؤلؤ","Al Lualu","","","","","","","Arabia Standard Time","+03.00"
"SA","العربية السعودية","Saudi Arabia","المنطقة الشرقية","Eastern Province","الجبيل","Al Jubail","المرقاب","Al Merqab","","","","","","","Arabia Standard Time","+03.00"
"SA","العربية السعودية","Saudi Arabia","المنطقة الشرقية","Eastern Province","الجبيل","Al Jubail","المطرفية","Al Matrafiyah","","","","","","","Arabia Standard Time","+03.00"
"SA","العربية السعودية","Saudi Arabia","المنطقة الشرقية","Eastern Province","الجبيل","Al Jubail","المنطقة الصناعية","Industrial Area","","","","","","","Arabia Standard Time","+03.00"
"SA","العربية السعودية","Saudi Arabia","المنطقة الشرقية","Eastern Province","الجبيل","Al Jubail","المنطقة الصناعية الاولى","1st Industrial Area","","","","","","","Arabia Standard Time","+03.00"
"SA","العربية السعودية","Saudi Arabia","المنطقة الشرقية","Eastern Province","الجبيل","Al Jubail","المنطقة الصناعية الثالثة","3rd Industrial Area","","","","","","","Arabia Standard Time","+03.00"
"SA","العربية السعودية","Saudi Arabia","المنطقة الشرقية","Eastern Province","الجبيل","Al Jubail","المنطقة الصناعية الثانية","2nd Industrial Area","","","","","","","Arabia Standard Time","+03.00"
"SA","العربية السعودية","Saudi Arabia","المنطقة الشرقية","Eastern Province","الجبيل","Al Jubail","جلمودة","Jalmudah","","","","","","","Arabia Standard Time","+03.00"
"SA","العربية السعودية","Saudi Arabia","المنطقة الشرقية","Eastern Province","الجبيل","Al Jubail","دارين","Darin","","","","","","","Arabia Standard Time","+03.00"
"SA","العربية السعودية","Saudi Arabia","المنطقة الشرقية","Eastern Province","الجبيل","Al Jubail","صناعية العريفي","Oraifi Industrial","","","","","","","Arabia Standard Time","+03.00"
"SA","العربية السعودية","Saudi Arabia","المنطقة الشرقية","Eastern Province","الجبيل","Al Jubail","طيبة","Tebah","","","","","","","Arabia Standard Time","+03.00"
"SA","العربية السعودية","Saudi Arabia","المنطقة الشرقية","Eastern Province","الجبيل","Al Jubail","غرناطة","Ghirnatah","","","","","","","Arabia Standard Time","+03.00"
"SA","العربية السعودية","Saudi Arabia","المنطقة الشرقية","Eastern Province","الجبيل","Al Jubail","نجد","Najd","","","","","","","Arabia Standard Time","+03.00"
"SA","العربية السعودية","Saudi Arabia","المنطقة الشرقية","Eastern Province","الجبيل","Al Jubail","","","","","","","","","Arabia Standard Time","+03.00"
"SA","العربية السعودية","Saudi Arabia","المنطقة الشرقية","Eastern Province","الجش","Al Jish","الاسكان","Al Iskan","","","","","","","Arabia Standard Time","+03.00"
"SA","العربية السعودية","Saudi Arabia","المنطقة الشرقية","Eastern Province","الجش","Al Jish","","","","","","","","","Arabia Standard Time","+03.00"
"SA","العربية السعودية","Saudi Arabia","المنطقة الشرقية","Eastern Province","الجوية","Al Jawiyah","","","","","","","","","Arabia Standard Time","+03.00"
"SA","العربية السعودية","Saudi Arabia","المنطقة الشرقية","Eastern Province","الجيشية","Al Jaishiyah","","","","","","","","","Arabia Standard Time","+03.00"
"SA","العربية السعودية","Saudi Arabia","المنطقة الشرقية","Eastern Province","الحبل","Al Habl","","","","","","","","","Arabia Standard Time","+03.00"
"SA","العربية السعودية","Saudi Arabia","المنطقة الشرقية","Eastern Province","الحرملية","Al Harmaliyah","","","","","","","","","Arabia Standard Time","+03.00"
"SA","العربية السعودية","Saudi Arabia","المنطقة الشرقية","Eastern Province","الحسي","Al Husayy","","","","","","","","","Arabia Standard Time","+03.00"
"SA","العربية السعودية","Saudi Arabia","المنطقة الشرقية","Eastern Province","الحفاير","Al Hafayer","","","","","","","","","Arabia Standard Time","+03.00"
"SA","العربية السعودية","Saudi Arabia","المنطقة الشرقية","Eastern Province","الحليسية","Al Hulaysiyah","","","","","","","","","Arabia Standard Time","+03.00"
"SA","العربية السعودية","Saudi Arabia","المنطقة الشرقية","Eastern Province","الحناة","Al Hinnah","","","","","","","","","Arabia Standard Time","+03.00"
"SA","العربية السعودية","Saudi Arabia","المنطقة الشرقية","Eastern Province","الحني","Al Hunayy","","","","","","","","","Arabia Standard Time","+03.00"
"SA","العربية السعودية","Saudi Arabia","المنطقة الشرقية","Eastern Province","الحوية","Al Hawiyah","","","","","","","","","Arabia Standard Time","+03.00"
"SA","العربية السعودية","Saudi Arabia","المنطقة الشرقية","Eastern Province","الحيرا","Al Hayra","","","","","","","","","Arabia Standard Time","+03.00"
"SA","العربية السعودية","Saudi Arabia","المنطقة الشرقية","Eastern Province","الخبر","Al Khobar","اشبيليا","Ishbiliya","","","","","","","Arabia Standard Time","+03.00"
"SA","العربية السعودية","Saudi Arabia","المنطقة الشرقية","Eastern Province","الخبر","Al Khobar","الاندلس","Al Andalus","","","","","","","Arabia Standard Time","+03.00"
"SA","العربية السعودية","Saudi Arabia","المنطقة الشرقية","Eastern Province","الخبر","Al Khobar","البحر","Al Bahar","","","","","","","Arabia Standard Time","+03.00"
"SA","العربية السعودية","Saudi Arabia","المنطقة الشرقية","Eastern Province","الخبر","Al Khobar","البحيرة","Al Buhayrah","","","","","","","Arabia Standard Time","+03.00"
"SA","العربية السعودية","Saudi Arabia","المنطقة الشرقية","Eastern Province","الخبر","Al Khobar","البندرية","Al Bandariyah","","","","","","","Arabia Standard Time","+03.00"
"SA","العربية السعودية","Saudi Arabia","المنطقة الشرقية","Eastern Province","الخبر","Al Khobar","التحلية","Al Tahliyah","","","","","","","Arabia Standard Time","+03.00"
"SA","العربية السعودية","Saudi Arabia","المنطقة الشرقية","Eastern Province","الخبر","Al Khobar","التعاون","Al Taawun","","","","","","","Arabia Standard Time","+03.00"
"SA","العربية السعودية","Saudi Arabia","المنطقة الشرقية","Eastern Province","الخبر","Al Khobar","الثقبة","Al Thuqbah","","","","","","","Arabia Standard Time","+03.00"
"SA","العربية السعودية","Saudi Arabia","المنطقة الشرقية","Eastern Province","الخبر","Al Khobar","الجسر","Al Jisr","","","","","","","Arabia Standard Time","+03.00"
"SA","العربية السعودية","Saudi Arabia","المنطقة الشرقية","Eastern Province","الخبر","Al Khobar","الجوهرة","Al Jawharah","","","","","","","Arabia Standard Time","+03.00"
"SA","العربية السعودية","Saudi Arabia","المنطقة الشرقية","Eastern Province","الخبر","Al Khobar","الحزام الاخضر","Al Hizam Al Akhdar","","","","","","","Arabia Standard Time","+03.00"
"SA","العربية السعودية","Saudi Arabia","المنطقة الشرقية","Eastern Province","الخبر","Al Khobar","الحزام الذهبي","Al Hezam Al Thahabie","","","","","","","Arabia Standard Time","+03.00"
"SA","العربية السعودية","Saudi Arabia","المنطقة الشرقية","Eastern Province","الخبر","Al Khobar","الحمراء","Al Hamra","","","","","","","Arabia Standard Time","+03.00"
"SA","العربية السعودية","Saudi Arabia","المنطقة الشرقية","Eastern Province","الخبر","Al Khobar","الخبر الجنوبية","Al Khubar Al Janubiyah","","","","","","","Arabia Standard Time","+03.00"
"SA","العربية السعودية","Saudi Arabia","المنطقة الشرقية","Eastern Province","الخبر","Al Khobar","الخبر الشمالية","Al Khubar Al Shamaliyah","","","","","","","Arabia Standard Time","+03.00"
"SA","العربية السعودية","Saudi Arabia","المنطقة الشرقية","Eastern Province","الخبر","Al Khobar","الخزامى","Al Khuzama","","","","","","","Arabia Standard Time","+03.00"
"SA","العربية السعودية","Saudi Arabia","المنطقة الشرقية","Eastern Province","الخبر","Al Khobar","الخور","Al Khawr","","","","","","","Arabia Standard Time","+03.00"
"SA","العربية السعودية","Saudi Arabia","المنطقة الشرقية","Eastern Province","الخبر","Al Khobar","الراكة الجنوبية","Al Rakah Al Janubiyah","","","","","","","Arabia Standard Time","+03.00"
"SA","العربية السعودية","Saudi Arabia","المنطقة الشرقية","Eastern Province","الخبر","Al Khobar","الراكة الشمالية","Al Rakah Al Shamaliyah","","","","","","","Arabia Standard Time","+03.00"
"SA","العربية السعودية","Saudi Arabia","المنطقة الشرقية","Eastern Province","الخبر","Al Khobar","الرجاء","Al Raja","","","","","","","Arabia Standard Time","+03.00"
"SA","العربية السعودية","Saudi Arabia","المنطقة الشرقية","Eastern Province","الخبر","Al Khobar","الروابي","Al Rawabi","","","","","","","Arabia Standard Time","+03.00"
"SA","العربية السعودية","Saudi Arabia","المنطقة الشرقية","Eastern Province","الخبر","Al Khobar","الساحل","Al Sahil","","","","","","","Arabia Standard Time","+03.00"
"SA","العربية السعودية","Saudi Arabia","المنطقة الشرقية","Eastern Province","الخبر","Al Khobar","السفن","Al Sufun","","","","","","","Arabia Standard Time","+03.00"
"SA","العربية السعودية","Saudi Arabia","المنطقة الشرقية","Eastern Province","الخبر","Al Khobar","الشراع","Al Sheraa","","","","","","","Arabia Standard Time","+03.00"
"SA","العربية السعودية","Saudi Arabia","المنطقة الشرقية","Eastern Province","الخبر","Al Khobar","الصدفة","Al Sadafah","","","","","","","Arabia Standard Time","+03.00"
"SA","العربية السعودية","Saudi Arabia","المنطقة الشرقية","Eastern Province","الخبر","Al Khobar","الصواري","Al Sawari","","","","","","","Arabia Standard Time","+03.00"
"SA","العربية السعودية","Saudi Arabia","المنطقة الشرقية","Eastern Province","الخبر","Al Khobar","العقربية","Al Aqrabiyah","","","","","","","Arabia Standard Time","+03.00"
"SA","العربية السعودية","Saudi Arabia","المنطقة الشرقية","Eastern Province","الخبر","Al Khobar","العقيق","Al Aqiq","","","","","","","Arabia Standard Time","+03.00"
