country_lc,country_en,country_code,postal_code,region1_lc,region1_en,region2_lc,region2_en,region3_lc,region3_en,region4_lc,region4_en,timezone,utc,latitude,longitude
Mali,Mali,ML,,,Bamako,,Bamako,,Kalban-Coro,,Commune I,Africa/Bamako,UTC +0.0,12.6701928208491,-7.94452888644587
Mali,Mali,ML,,,Bamako,,Bamako,,Kalban-Coro,,Commune II,Africa/Bamako,UTC +0.0,12.6492115241946,-7.9764413999092
Mali,Mali,ML,,,Bamako,,Bamako,,Kalban-Coro,,Commune III,Africa/Bamako,UTC +0.0,12.6553843084781,-8.01170420910718
Mali,Mali,ML,,,Bamako,,Bamako,,Kalban-Coro,,Commune IV,Africa/Bamako,UTC +0.0,12.6139977298964,-8.04566958852767
Mali,Mali,ML,,,Bamako,,Bamako,,Kalban-Coro,,Commune V,Africa/Bamako,UTC +0.0,12.5894728313673,-7.99653456522012
Mali,Mali,ML,,,Bamako,,Bamako,,Kalban-Coro,,Commune VI,Africa/Bamako,UTC +0.0,12.5772742866227,-7.94554753723985
Mali,Mali,ML,,,Gao,,Ansongo,,Ansongo,,Ansongo,Africa/Bamako,UTC +0.0,15.7199427500477,0.524307672719469
Mali,Mali,ML,,,Gao,,Ansongo,,Ansongo,,Bara,Africa/Bamako,UTC +0.0,15.8737509305628,0.506705808024858
Mali,Mali,ML,,,Gao,,Ansongo,,Ansongo,,Bourra,Africa/Bamako,UTC +0.0,15.770258535711,0.693072794434521
Mali,Mali,ML,,,Gao,,Ansongo,,Ansongo,,Tin Hama,Africa/Bamako,UTC +0.0,15.67761419466,1.0654128736445
Mali,Mali,ML,,,Gao,,Ansongo,,Ouatagouna,,Ouattagouna,Africa/Bamako,UTC +0.0,15.2385994230224,0.859927826069894
Mali,Mali,ML,,,Gao,,Ansongo,,Talataye,,Talataye,Africa/Bamako,UTC +0.0,16.332830090959,1.199067484055
Mali,Mali,ML,,,Gao,,Ansongo,,Tessit,,Tessit,Africa/Bamako,UTC +0.0,15.3429818512989,-0.040558082704522
Mali,Mali,ML,,,Gao,,Bourem,,Almoustarat,,Tarkint,Africa/Bamako,UTC +0.0,17.9053398348326,0.258985374881825
Mali,Mali,ML,,,Gao,,Bourem,,Bamba,,Bamba-Bou,Africa/Bamako,UTC +0.0,17.3564437013275,-1.35248548885235
Mali,Mali,ML,,,Gao,,Bourem,,Bourem,,Bourem,Africa/Bamako,UTC +0.0,17.1086864319341,-0.262655128761529
Mali,Mali,ML,,,Gao,,Bourem,,Bourem,,Taboye,Africa/Bamako,UTC +0.0,16.7578632630789,-0.308092939954435
Mali,Mali,ML,,,Gao,,Bourem,,Temera,,Temera,Africa/Bamako,UTC +0.0,17.99064061632,-0.61902557927833
Mali,Mali,ML,,,Gao,,Gao,,Djebock,,Anchawadi,Africa/Bamako,UTC +0.0,17.1040757725073,0.984209672600059
Mali,Mali,ML,,,Gao,,Gao,,Djebock,,Tilemsi-Gao,Africa/Bamako,UTC +0.0,16.9114484969837,0.611551830374599
Mali,Mali,ML,,,Gao,,Gao,,Gao,,Gounzoureye,Africa/Bamako,UTC +0.0,16.5696944154378,0.111972513233852
Mali,Mali,ML,,,Gao,,Gao,,Gao,,Sony-Aliber,Africa/Bamako,UTC +0.0,16.5305542451264,-0.079299504456891
Mali,Mali,ML,,,Gao,,Gao,,Gao-Central,,Gao,Africa/Bamako,UTC +0.0,16.2702089180604,-0.044943019078597
Mali,Mali,ML,,,Gao,,Gao,,Haoussa-Foulane,,Gabero,Africa/Bamako,UTC +0.0,16.0808475802937,0.321078254747374
Mali,Mali,ML,,,Gao,,Gao,,In-Tillit,,N'Tillit,Africa/Bamako,UTC +0.0,16.0844952303496,-0.357356091524672
Mali,Mali,ML,,,Gao,,Ménaka,,Anderamboukane,,Alata,Africa/Bamako,UTC +0.0,16.1932066282266,3.35846076953238
Mali,Mali,ML,,,Gao,,Ménaka,,Anderamboukane,,Anderamboukane,Africa/Bamako,UTC +0.0,15.6941074969746,3.34380699810846
Mali,Mali,ML,,,Gao,,Ménaka,,Inekar,,Inekar,Africa/Bamako,UTC +0.0,17.1674576774736,3.59847065650684
Mali,Mali,ML,,,Gao,,Ménaka,,Menaka,,Menaka,Africa/Bamako,UTC +0.0,15.9394439554537,2.11245321325937
Mali,Mali,ML,,,Gao,,Ménaka,,Tidermene,,Tidermene,Africa/Bamako,UTC +0.0,17.3011695146115,2.31009114962081
Mali,Mali,ML,,,Kayes,,Bafoulabé,,Bafoulabe,,Bafoulabe,Africa/Bamako,UTC +0.0,13.929576711505,-10.7876318754721
Mali,Mali,ML,,,Kayes,,Bafoulabé,,Bamafele,,Bamafele,Africa/Bamako,UTC +0.0,13.0896058330057,-10.3996555724448
Mali,Mali,ML,,,Kayes,,Bafoulabé,,Diakon,,Diakon,Africa/Bamako,UTC +0.0,14.488429474369,-10.4142554468947
Mali,Mali,ML,,,Kayes,,Bafoulabé,,Diallan,,Diallan,Africa/Bamako,UTC +0.0,14.2165660641544,-10.073120255279
Mali,Mali,ML,,,Kayes,,Bafoulabé,,Kontela,,Kontela,Africa/Bamako,UTC +0.0,14.0047699547755,-10.3406723507748
Mali,Mali,ML,,,Kayes,,Bafoulabé,,Koundian,,Diokeli,Africa/Bamako,UTC +0.0,13.3178185363551,-10.6594922295502
Mali,Mali,ML,,,Kayes,,Bafoulabé,,Koundian,,Koundian,Africa/Bamako,UTC +0.0,13.0491509181938,-10.7227801819477
Mali,Mali,ML,,,Kayes,,Bafoulabé,,Mahina,,Gounfan,Africa/Bamako,UTC +0.0,13.4362012310166,-11.0738900449421
Mali,Mali,ML,,,Kayes,,Bafoulabé,,Mahina,,Mahina,Africa/Bamako,UTC +0.0,13.5998626600942,-10.7880620647845
Mali,Mali,ML,,,Kayes,,Bafoulabé,,Mahina,,Niambia,Africa/Bamako,UTC +0.0,13.6531663532419,-11.2605530637862
Mali,Mali,ML,,,Kayes,,Bafoulabé,,Oualia,,Oualia,Africa/Bamako,UTC +0.0,13.5801205308486,-10.2586849017686
Mali,Mali,ML,,,Kayes,,Bafoulabé,,Oussoubidiagna,,Sidibela,Africa/Bamako,UTC +0.0,14.2496479258122,-10.7691109499163
Mali,Mali,ML,,,Kayes,,Bafoulabé,,Oussoubidiagna,,Tomora,Africa/Bamako,UTC +0.0,14.2051374565578,-10.5358134544217
Mali,Mali,ML,,,Kayes,,Diéma,,Bema,,Bema,Africa/Bamako,UTC +0.0,14.9529770406553,-9.32256188680358
Mali,Mali,ML,,,Kayes,,Diéma,,Bema,,Fassou Debe,Africa/Bamako,UTC +0.0,15.0136036850331,-9.46173537223361
Mali,Mali,ML,,,Kayes,,Diéma,,Bema,,Groumera,Africa/Bamako,UTC +0.0,14.8352422277043,-9.14963183284356
Mali,Mali,ML,,,Kayes,,Diéma,,Bema,,Guedebine,Africa/Bamako,UTC +0.0,15.1461972965524,-9.38345875406615
Mali,Mali,ML,,,Kayes,,Diéma,,Diangounte-Camara,,Diangounte Camara,Africa/Bamako,UTC +0.0,14.5987373245611,-9.48874197255021
Mali,Mali,ML,,,Kayes,,Diéma,,Diangounte-Camara,,Fatao,Africa/Bamako,UTC +0.0,14.2745841484461,-9.46595602765063
Mali,Mali,ML,,,Kayes,,Diéma,,Diangounte-Camara,,Lambidou,Africa/Bamako,UTC +0.0,14.3714485158298,-9.55145345972995
Mali,Mali,ML,,,Kayes,,Diéma,,Diangounte-Camara,,Madiga Sacko,Africa/Bamako,UTC +0.0,14.4138033457331,-9.32593501293738
Mali,Mali,ML,,,Kayes,,Diéma,,Diéma,,Dianguirde,Africa/Bamako,UTC +0.0,14.4180814566347,-8.98659539048906
Mali,Mali,ML,,,Kayes,,Diéma,,Diéma,,Diema,Africa/Bamako,UTC +0.0,14.557657179685,-9.18322220295784
Mali,Mali,ML,,,Kayes,,Diéma,,Dioumara,,Dioumara Koussata,Africa/Bamako,UTC +0.0,14.646628158225,-8.65673137772826
Mali,Mali,ML,,,Kayes,,Diéma,,Dioumara,,Gomitradougou,Africa/Bamako,UTC +0.0,14.46319837392,-8.35603311373097
Mali,Mali,ML,,,Kayes,,Diéma,,Lakamane,,Dieoura,Africa/Bamako,UTC +0.0,14.4035481522317,-9.82570328515933
Mali,Mali,ML,,,Kayes,,Diéma,,Lakamane,,Lakamane,Africa/Bamako,UTC +0.0,14.619767911161,-9.89485441368641
Mali,Mali,ML,,,Kayes,,Diéma,,Lakamane,,Sansankide,Africa/Bamako,UTC +0.0,14.4108212524401,-10.0107232769395
Mali,Mali,ML,,,Kayes,,Kayes,,Ambidedi,,Faleme,Africa/Bamako,UTC +0.0,14.4639295253214,-12.0752260788063
Mali,Mali,ML,,,Kayes,,Kayes,,Ambidedi,,Fegui,Africa/Bamako,UTC +0.0,14.6080294362051,-12.1205006561137
Mali,Mali,ML,,,Kayes,,Kayes,,Ambidedi,,Guidimakan Keri Kaff,Africa/Bamako,UTC +0.0,14.7445562659912,-11.7834676345476
Mali,Mali,ML,,,Kayes,,Kayes,,Ambidedi,,Kemene Tambo,Africa/Bamako,UTC +0.0,14.4902641609722,-11.8723737800111
Mali,Mali,ML,,,Kayes,,Kayes,,Ambidedi,,Sony,Africa/Bamako,UTC +0.0,14.6621058819264,-12.0485570198875
Mali,Mali,ML,,,Kayes,,Kayes,,Ambidedi,,Tafacirga,Africa/Bamako,UTC +0.0,14.7201126261708,-12.1653349185517
Mali,Mali,ML,,,Kayes,,Kayes,,Aourou,,Djelebou,Africa/Bamako,UTC +0.0,15.0022810599062,-11.6243236730161
Mali,Mali,ML,,,Kayes,,Kayes,,Aourou,,Karakoro,Africa/Bamako,UTC +0.0,15.2140332609652,-11.6618025520666
Mali,Mali,ML,,,Kayes,,Kayes,,Aourou,,Sahel,Africa/Bamako,UTC +0.0,15.4666101961525,-11.5544700513241
Mali,Mali,ML,,,Kayes,,Kayes,,Diadioumbera,,Sero Diamanou,Africa/Bamako,UTC +0.0,14.7930278217489,-11.0651463990496
Mali,Mali,ML,,,Kayes,,Kayes,,Diamou,,Diamou,Africa/Bamako,UTC +0.0,14.0361071485722,-11.1672483720889
Mali,Mali,ML,,,Kayes,,Kayes,,Kayes,,Bangassi,Africa/Bamako,UTC +0.0,14.7058516095796,-11.5112164315425
Mali,Mali,ML,,,Kayes,,Kayes,,Kayes,,Colimbine,Africa/Bamako,UTC +0.0,14.4703100615819,-11.1992801135911
Mali,Mali,ML,,,Kayes,,Kayes,,Kayes,,Gory Gopela,Africa/Bamako,UTC +0.0,14.6411488325167,-11.3621364246304
Mali,Mali,ML,,,Kayes,,Kayes,,Kayes,,Goumera,Africa/Bamako,UTC +0.0,14.5789283275935,-11.2555412925376
Mali,Mali,ML,,,Kayes,,Kayes,,Kayes,,Kayes Commune,Africa/Bamako,UTC +0.0,14.4454703006326,-11.4378726624321
Mali,Mali,ML,,,Kayes,,Kayes,,Kayes,,Khouloum,Africa/Bamako,UTC +0.0,14.4885181939952,-11.348209682848
Mali,Mali,ML,,,Kayes,,Kayes,,Kayes,,Liberte Dembaya,Africa/Bamako,UTC +0.0,14.3894139681038,-11.5070804302866
Mali,Mali,ML,,,Kayes,,Kayes,,Koussane,,Koussane,Africa/Bamako,UTC +0.0,15.1306427337265,-11.2667406411007
Mali,Mali,ML,,,Kayes,,Kayes,,Lontou,,Hawa Dembaya,Africa/Bamako,UTC +0.0,14.3564791293426,-11.3757813824755
Mali,Mali,ML,,,Kayes,,Kayes,,Lontou,,Logo,Africa/Bamako,UTC +0.0,14.2844144067868,-11.2827828180879
Mali,Mali,ML,,,Kayes,,Kayes,,Sadiola,,Sadiola,Africa/Bamako,UTC +0.0,13.9467642398773,-11.7062184693873
Mali,Mali,ML,,,Kayes,,Kayes,,Same,,Same Diomboma,Africa/Bamako,UTC +0.0,14.4210647571753,-11.7426846750545
Mali,Mali,ML,,,Kayes,,Kayes,,Same,,Somankidy,Africa/Bamako,UTC +0.0,14.5320188123422,-11.6039659961636
Mali,Mali,ML,,,Kayes,,Kayes,,Segala,,Koniakary,Africa/Bamako,UTC +0.0,14.5963301592369,-10.916751745427
Mali,Mali,ML,,,Kayes,,Kayes,,Segala,,Marena Diombougou,Africa/Bamako,UTC +0.0,14.5830331343912,-11.0988568423951
Mali,Mali,ML,,,Kayes,,Kayes,,Segala,,Marintoumania,Africa/Bamako,UTC +0.0,14.6292872777192,-10.8666177253877
Mali,Mali,ML,,,Kayes,,Kayes,,Segala,,Segala,Africa/Bamako,UTC +0.0,14.3865589717448,-10.9636574421651
Mali,Mali,ML,,,Kayes,,Kéniéba,,Dialafara,,Dialafara,Africa/Bamako,UTC +0.0,13.411788207979,-11.5095587640914
Mali,Mali,ML,,,Kayes,,Kéniéba,,Dombia,,Baye-Ken,Africa/Bamako,UTC +0.0,12.7930054675492,-10.8564665332071
Mali,Mali,ML,,,Kayes,,Kéniéba,,Dombia,,Dombia,Africa/Bamako,UTC +0.0,12.7658899039952,-11.0726596489457
Mali,Mali,ML,,,Kayes,,Kéniéba,,Falea,,Falea,Africa/Bamako,UTC +0.0,12.2537206436116,-11.2522239068514
Mali,Mali,ML,,,Kayes,,Kéniéba,,Faraba,,Faraba-Ken,Africa/Bamako,UTC +0.0,12.3681804632695,-10.9079332223391
Mali,Mali,ML,,,Kayes,,Kéniéba,,Faraba,,Kroukoto,Africa/Bamako,UTC +0.0,12.5481754907591,-10.4874862022134
Mali,Mali,ML,,,Kayes,,Kéniéba,,Faraba,,Sagalo,Africa/Bamako,UTC +0.0,12.1632123496648,-10.6246390359829
Mali,Mali,ML,,,Kayes,,Kéniéba,,Kassama,,Kassama,Africa/Bamako,UTC +0.0,13.1126089383928,-11.051129453159
Mali,Mali,ML,,,Kayes,,Kéniéba,,Kéniéba,,Dabia,Africa/Bamako,UTC +0.0,12.571735567299,-11.1175642641395
Mali,Mali,ML,,,Kayes,,Kéniéba,,Kéniéba,,Guenegore,Africa/Bamako,UTC +0.0,12.6583096393235,-10.9478253333727
Mali,Mali,ML,,,Kayes,,Kéniéba,,Kéniéba,,Kenieba,Africa/Bamako,UTC +0.0,12.7319600894661,-11.2783290584322
Mali,Mali,ML,,,Kayes,,Kéniéba,,Kéniéba,,Sitakily,Africa/Bamako,UTC +0.0,13.0784572143147,-11.2765515741872
Mali,Mali,ML,,,Kayes,,Kita,,Djidian,,Djidian,Africa/Bamako,UTC +0.0,13.2521372909972,-9.37543217481657
Mali,Mali,ML,,,Kayes,,Kita,,Djidian,,Namala Guimba,Africa/Bamako,UTC +0.0,13.5585925405174,-9.34210968200938
Mali,Mali,ML,,,Kayes,,Kita,,Djidian,,Saboula,Africa/Bamako,UTC +0.0,13.4956153128019,-9.58314648844388
Mali,Mali,ML,,,Kayes,,Kita,,Djidian,,Souransan Tomoto,Africa/Bamako,UTC +0.0,13.3503781222162,-9.47891912387961
Mali,Mali,ML,,,Kayes,,Kita,,Kita,,Badia,Africa/Bamako,UTC +0.0,12.9523226188721,-9.36581628818695
Mali,Mali,ML,,,Kayes,,Kita,,Kita,,Bendougouba,Africa/Bamako,UTC +0.0,13.045380255748,-9.34237628876628
Mali,Mali,ML,,,Kayes,,Kita,,Kita,,Benkadi Founia,Africa/Bamako,UTC +0.0,12.8978115188097,-9.47242495460081
Mali,Mali,ML,,,Kayes,,Kita,,Kita,,Boudofo,Africa/Bamako,UTC +0.0,13.1567551597461,-9.59851921850256
Mali,Mali,ML,,,Kayes,,Kita,,Kita,,Kita Commune,Africa/Bamako,UTC +0.0,13.0406691786999,-9.48643780739423
Mali,Mali,ML,,,Kayes,,Kita,,Kita,,Kita Nord,Africa/Bamako,UTC +0.0,13.1208520076699,-9.43748924343171
Mali,Mali,ML,,,Kayes,,Kita,,Kita,,Kita Ouest,Africa/Bamako,UTC +0.0,13.0166208510148,-9.63263429828384
Mali,Mali,ML,,,Kayes,,Kita,,Kokofata,,Bougarybaya,Africa/Bamako,UTC +0.0,12.8314575186951,-9.76832848850175
Mali,Mali,ML,,,Kayes,,Kita,,Kokofata,,Kokofata,Africa/Bamako,UTC +0.0,12.7128218550418,-10.0895824491358
Mali,Mali,ML,,,Kayes,,Kita,,Kokofata,,Tambaga,Africa/Bamako,UTC +0.0,13.0063247090815,-9.82360676040919
Mali,Mali,ML,,,Kayes,,Kita,,Sagabari,,Gadougou 1,Africa/Bamako,UTC +0.0,12.5367831345448,-9.83447991206437
Mali,Mali,ML,,,Kayes,,Kita,,Sagabari,,Gadougou 2,Africa/Bamako,UTC +0.0,12.5037143441016,-9.52352563261032
Mali,Mali,ML,,,Kayes,,Kita,,Sagabari,,Koulou,Africa/Bamako,UTC +0.0,12.2505283497613,-9.96083381740686
Mali,Mali,ML,,,Kayes,,Kita,,Sebekoro,,Kassaro,Africa/Bamako,UTC +0.0,12.9785348116957,-8.74947882968605
Mali,Mali,ML,,,Kayes,,Kita,,Sebekoro,,Kotouba,Africa/Bamako,UTC +0.0,13.4552565755291,-8.65841890626707
Mali,Mali,ML,,,Kayes,,Kita,,Sebekoro,,Madina,Africa/Bamako,UTC +0.0,13.712285262989,-8.93749008169094
Mali,Mali,ML,,,Kayes,,Kita,,Sebekoro,,Sebekoro,Africa/Bamako,UTC +0.0,13.0915517567342,-9.07869443033245
Mali,Mali,ML,,,Kayes,,Kita,,Sefeto,,Dindako,Africa/Bamako,UTC +0.0,13.9565206224505,-9.48513948854661
Mali,Mali,ML,,,Kayes,,Kita,,Sefeto,,Djougoun,Africa/Bamako,UTC +0.0,14.1162658498958,-9.67287337575545
Mali,Mali,ML,,,Kayes,,Kita,,Sefeto,,Guemoukouraba,Africa/Bamako,UTC +0.0,14.1210510046309,-9.20893998661064
Mali,Mali,ML,,,Kayes,,Kita,,Sefeto,,Kourounikoto,Africa/Bamako,UTC +0.0,13.8237986321093,-9.70835782402568
Mali,Mali,ML,,,Kayes,,Kita,,Sefeto,,Sefeto Nord,Africa/Bamako,UTC +0.0,14.2311481754357,-9.71071304803498
Mali,Mali,ML,,,Kayes,,Kita,,Sefeto,,Sefeto Ouest,Africa/Bamako,UTC +0.0,13.9219977346711,-9.95575760067434
Mali,Mali,ML,,,Kayes,,Kita,,Sirakoro,,Makano,Africa/Bamako,UTC +0.0,12.6812854184127,-8.93158547678896
Mali,Mali,ML,,,Kayes,,Kita,,Sirakoro,,Senko,Africa/Bamako,UTC +0.0,12.8414376767876,-9.2643463456116
Mali,Mali,ML,,,Kayes,,Kita,,Sirakoro,,Sirakoro,Africa/Bamako,UTC +0.0,12.6211051020168,-9.23603608657087
Mali,Mali,ML,,,Kayes,,Kita,,Toukoto,,Kobri,Africa/Bamako,UTC +0.0,13.0866465260106,-10.0153529265365
Mali,Mali,ML,,,Kayes,,Kita,,Toukoto,,Niantanso,Africa/Bamako,UTC +0.0,13.2150169130458,-10.1333978520889
Mali,Mali,ML,,,Kayes,,Kita,,Toukoto,,Toukoto,Africa/Bamako,UTC +0.0,13.3651781637742,-9.82119777663465
Mali,Mali,ML,,,Kayes,,Nioro,,Gavinane,,Diaye Coura,Africa/Bamako,UTC +0.0,15.1965256418111,-10.0111920486602
Mali,Mali,ML,,,Kayes,,Nioro,,Gavinane,,Gavinane,Africa/Bamako,UTC +0.0,15.1430547330072,-9.85126931576726
Mali,Mali,ML,,,Kayes,,Nioro,,Gavinane,,Youri,Africa/Bamako,UTC +0.0,15.1154801352822,-9.79737775809885
Mali,Mali,ML,,,Kayes,,Nioro,,Gogui,,Gogui,Africa/Bamako,UTC +0.0,15.4949845061342,-9.32641944409798
Mali,Mali,ML,,,Kayes,,Nioro,,Korera-Kore,,Korera Kore,Africa/Bamako,UTC +0.0,15.0201600051328,-8.9257322211306
Mali,Mali,ML,,,Kayes,,Nioro,,Nioro,,Guetema,Africa/Bamako,UTC +0.0,15.1102948162149,-9.55077306719829
Mali,Mali,ML,,,Kayes,,Nioro,,Nioro,,Kadiaba Kadiel,Africa/Bamako,UTC +0.0,15.1633875669054,-9.67978558838654
Mali,Mali,ML,,,Kayes,,Nioro,,Nioro,,Nioro Commune,Africa/Bamako,UTC +0.0,15.2232924716977,-9.58788009074798
Mali,Mali,ML,,,Kayes,,Nioro,,Nioro,,Nioro Tougoune Ranga,Africa/Bamako,UTC +0.0,15.3345202755927,-9.6356660437736
Mali,Mali,ML,,,Kayes,,Nioro,,Nioro,,Yerere,Africa/Bamako,UTC +0.0,15.2917703981521,-9.45317870580569
Mali,Mali,ML,,,Kayes,,Nioro,,Sandare,,Sandare,Africa/Bamako,UTC +0.0,14.8256996206798,-10.2031997176158
Mali,Mali,ML,,,Kayes,,Nioro,,Simbi,,Simbi,Africa/Bamako,UTC +0.0,14.8798650566896,-9.65786060537711
Mali,Mali,ML,,,Kayes,,Nioro,,Trongoumbe,,Baniere Kore,Africa/Bamako,UTC +0.0,15.2849307121993,-9.09383769346331
Mali,Mali,ML,,,Kayes,,Nioro,,Trongoumbe,,Diabigue,Africa/Bamako,UTC +0.0,15.1841172606326,-9.22499687797472
Mali,Mali,ML,,,Kayes,,Nioro,,Trongoumbe,,Diarra,Africa/Bamako,UTC +0.0,15.3761822886461,-9.21446672209542
Mali,Mali,ML,,,Kayes,,Nioro,,Trongoumbe,,Troungoumbe,Africa/Bamako,UTC +0.0,15.2860737886092,-9.25622330705435
Mali,Mali,ML,,,Kayes,,Yélimané,,Kirane,,Kirane Kaniaga,Africa/Bamako,UTC +0.0,15.2582021223605,-10.2026114648022
Mali,Mali,ML,,,Kayes,,Yélimané,,Kirane,,Kremis,Africa/Bamako,UTC +0.0,15.3786891922237,-10.4629850079646
Mali,Mali,ML,,,Kayes,,Yélimané,,Marena,,Tringa,Africa/Bamako,UTC +0.0,14.7315532800236,-10.6638104100069
Mali,Mali,ML,,,Kayes,,Yélimané,,Tambacara,,Diafounou Diongaga,Africa/Bamako,UTC +0.0,15.1123019551371,-10.9596920990537
Mali,Mali,ML,,,Kayes,,Yélimané,,Tambacara,,Diafounou Gory,Africa/Bamako,UTC +0.0,14.9986619887756,-10.7959316810988
Mali,Mali,ML,,,Kayes,,Yélimané,,Tambacara,,Konsiga,Africa/Bamako,UTC +0.0,14.9879641324997,-10.995958266762
Mali,Mali,ML,,,Kayes,,Yélimané,,Tambacara,,Marekaffo,Africa/Bamako,UTC +0.0,15.0009169988031,-10.9125242803601
Mali,Mali,ML,,,Kayes,,Yélimané,,Yelimane-Central,,Fanga,Africa/Bamako,UTC +0.0,15.0846426116902,-10.3726661805834
Mali,Mali,ML,,,Kayes,,Yélimané,,Yelimane-Central,,Gory,Africa/Bamako,UTC +0.0,15.1404414226637,-10.706146010228
Mali,Mali,ML,,,Kayes,,Yélimané,,Yelimane-Central,,Guidime,Africa/Bamako,UTC +0.0,15.1385392126292,-10.5498427550819
Mali,Mali,ML,,,Kayes,,Yélimané,,Yelimane-Central,,Soumpou,Africa/Bamako,UTC +0.0,14.9284285991661,-10.4792481370575
Mali,Mali,ML,,,Kayes,,Yélimané,,Yelimane-Central,,Toya,Africa/Bamako,UTC +0.0,15.1448748775324,-10.7183559319765
Mali,Mali,ML,,,Kidal,,Abeïbara,,Abeibara,,Abeibara,Africa/Bamako,UTC +0.0,19.3451251418907,1.84726334774927
Mali,Mali,ML,,,Kidal,,Abeïbara,,Bouressa,,Boghassa,Africa/Bamako,UTC +0.0,20.0472427727705,1.92013997449435
Mali,Mali,ML,,,Kidal,,Abeïbara,,Tinzawatene,,Tinzawatene,Africa/Bamako,UTC +0.0,19.4852963330076,2.79232729329302
Mali,Mali,ML,,,Kidal,,Kidal,,Anefif,,Anefif,Africa/Bamako,UTC +0.0,18.0836123994648,0.857277501281234
Mali,Mali,ML,,,Kidal,,Kidal,,Essouk,,Essouk,Africa/Bamako,UTC +0.0,18.893157429037,1.21823055824569
Mali,Mali,ML,,,Kidal,,Kidal,,Kidal,,Kidal,Africa/Bamako,UTC +0.0,18.2902296982737,1.5108618431214
Mali,Mali,ML,,,Kidal,,Tessalit,,Adjelhoc,,Adjelhoc,Africa/Bamako,UTC +0.0,19.1008050375321,0.740777540764797
Mali,Mali,ML,,,Kidal,,Tessalit,,Tessalit,,Tessalit,Africa/Bamako,UTC +0.0,20.6605017595932,0.390731517828218
Mali,Mali,ML,,,Kidal,,Tessalit,,Timtaghene,,Timtaghene,Africa/Bamako,UTC +0.0,19.7084664133264,-0.62979474265289
Mali,Mali,ML,,,Kidal,,Tin-Essako,,Abiyou,,Abiyou,Africa/Bamako,UTC +0.0,18.4689878484098,2.12318338272966
Mali,Mali,ML,,,Kidal,,Tin-Essako,,Tinessako,,Tinessako,Africa/Bamako,UTC +0.0,18.5653404095289,2.81155448749789
Mali,Mali,ML,,,Kidal,,Tin-Essako,,Tinesserine,,Tinesserine,Africa/Bamako,UTC +0.0,18.5266175354263,3.7862192575867
Mali,Mali,ML,,,Koulikoro,,Banamba,,Banamba-Central,,Banamba,Africa/Bamako,UTC +0.0,13.59065764568,-7.43696593954003
Mali,Mali,ML,,,Koulikoro,,Banamba,,Banamba-Central,,Ben Kadi,Africa/Bamako,UTC +0.0,13.5519620489444,-7.59254858840243
Mali,Mali,ML,,,Koulikoro,,Banamba,,Boron,,Boron,Africa/Bamako,UTC +0.0,14.0739432291555,-7.53650220286728
Mali,Mali,ML,,,Koulikoro,,Banamba,,Madina-Sako,,Madina Sacko,Africa/Bamako,UTC +0.0,13.7897112555744,-7.52891349040612
Mali,Mali,ML,,,Koulikoro,,Banamba,,Sebete,,Sebete,Africa/Bamako,UTC +0.0,14.1837177573649,-6.98692110081264
Mali,Mali,ML,,,Koulikoro,,Banamba,,Sebete,,Toubacoro,Africa/Bamako,UTC +0.0,13.9919571318555,-7.03322306785167
Mali,Mali,ML,,,Koulikoro,,Banamba,,Toubakoura,,Duguwolowula,Africa/Bamako,UTC +0.0,13.4318800764821,-7.32400653692016
Mali,Mali,ML,,,Koulikoro,,Banamba,,Toukouroba,,Kiban,Africa/Bamako,UTC +0.0,13.5941725532156,-7.26738585487527
Mali,Mali,ML,,,Koulikoro,,Banamba,,Toukouroba,,Toukoroba,Africa/Bamako,UTC +0.0,13.6905767488995,-7.09734894145976
Mali,Mali,ML,,,Koulikoro,,Dioïla,,Banco,,Banco,Africa/Bamako,UTC +0.0,12.091069146399,-6.47447043697752
Mali,Mali,ML,,,Koulikoro,,Dioïla,,Banco,,N'Golobougou,Africa/Bamako,UTC +0.0,12.1478243080555,-6.70266405032125
Mali,Mali,ML,,,Koulikoro,,Dioïla,,Beleko,,Benkadi-Dio,Africa/Bamako,UTC +0.0,12.3587571602062,-6.45341320054519
Mali,Mali,ML,,,Koulikoro,,Dioïla,,Beleko,,Diedougou-Dio,Africa/Bamako,UTC +0.0,12.4549120248861,-6.34589299264766
Mali,Mali,ML,,,Koulikoro,,Dioïla,,Beleko,,Dolendougou,Africa/Bamako,UTC +0.0,12.5999621664766,-6.4862618018851
Mali,Mali,ML,,,Koulikoro,,Dioïla,,Beleko,,Jekafo,Africa/Bamako,UTC +0.0,12.3170660803331,-6.38435537337561
Mali,Mali,ML,,,Koulikoro,,Dioïla,,Dioïla,,Degnekoro,Africa/Bamako,UTC +0.0,12.3090555509252,-6.67110592467837
Mali,Mali,ML,,,Koulikoro,,Dioïla,,Dioïla,,Kaladougou,Africa/Bamako,UTC +0.0,12.5125741315441,-6.84431640387531
Mali,Mali,ML,,,Koulikoro,,Dioïla,,Dioïla,,Kemekafo,Africa/Bamako,UTC +0.0,12.1716695638029,-6.97246981915538
Mali,Mali,ML,,,Koulikoro,,Dioïla,,Dioïla,,Kilidougou,Africa/Bamako,UTC +0.0,12.4298310361172,-6.6011312636767
Mali,Mali,ML,,,Koulikoro,,Dioïla,,Dioïla,,N'Garadougou,Africa/Bamako,UTC +0.0,12.3795453574438,-6.9465609915841
Mali,Mali,ML,,,Koulikoro,,Dioïla,,Dioïla,,Wacoro,Africa/Bamako,UTC +0.0,12.6394342380022,-6.71950757620484
Mali,Mali,ML,,,Koulikoro,,Dioïla,,Fana,,Binko,Africa/Bamako,UTC +0.0,12.8287628967507,-7.12785587001744
Mali,Mali,ML,,,Koulikoro,,Dioïla,,Fana,,Diouman,Africa/Bamako,UTC +0.0,12.5234505539524,-7.32605683899375
Mali,Mali,ML,,,Koulikoro,,Dioïla,,Fana,,Guegneka,Africa/Bamako,UTC +0.0,12.7272259743191,-6.96039459810523
Mali,Mali,ML,,,Koulikoro,,Dioïla,,Fana,,Kerela,Africa/Bamako,UTC +0.0,12.7208964116337,-6.83081983907897
Mali,Mali,ML,,,Koulikoro,,Dioïla,,Fana,,Nangola,Africa/Bamako,UTC +0.0,12.7030728120762,-6.62378734426352
Mali,Mali,ML,,,Koulikoro,,Dioïla,,Fana,,Tenindougou,Africa/Bamako,UTC +0.0,12.579112318262,-7.14034813527805
Mali,Mali,ML,,,Koulikoro,,Dioïla,,Fana,,Zan Coulibaly,Africa/Bamako,UTC +0.0,12.80229257963,-7.32705139173018
Mali,Mali,ML,,,Koulikoro,,Dioïla,,Massigui,,Massigui,Africa/Bamako,UTC +0.0,11.9337573912352,-6.74060089718755
Mali,Mali,ML,,,Koulikoro,,Dioïla,,Massigui,,Niantjila,Africa/Bamako,UTC +0.0,11.7927906857495,-6.51853542926632
Mali,Mali,ML,,,Koulikoro,,Dioïla,,Mena,,Diebe,Africa/Bamako,UTC +0.0,12.2029237364689,-6.31219233585967
Mali,Mali,ML,,,Koulikoro,,Dioïla,,Mena,,N'Dlondougou,Africa/Bamako,UTC +0.0,12.2227370682359,-6.13655676310113
Mali,Mali,ML,,,Koulikoro,,Kangaba,,Kangaba,,Kaniogo,Africa/Bamako,UTC +0.0,11.8310157236615,-8.65161536920368
Mali,Mali,ML,,,Koulikoro,,Kangaba,,Kangaba,,Maramandougou,Africa/Bamako,UTC +0.0,11.8531934675725,-8.31374894133533
Mali,Mali,ML,,,Koulikoro,,Kangaba,,Kangaba,,Minidian,Africa/Bamako,UTC +0.0,11.9609518519888,-8.48543732984082
Mali,Mali,ML,,,Koulikoro,,Kangaba,,Kangaba,,Nouga,Africa/Bamako,UTC +0.0,11.6379105558884,-8.66169651483962
Mali,Mali,ML,,,Koulikoro,,Kangaba,,Kangaba,,Selefougou,Africa/Bamako,UTC +0.0,11.7127936271112,-8.40758399857784
Mali,Mali,ML,,,Koulikoro,,Kangaba,,Narena,,Balan Bakama,Africa/Bamako,UTC +0.0,12.2147677625306,-8.86346151308232
Mali,Mali,ML,,,Koulikoro,,Kangaba,,Narena,,Benkadi-Kan,Africa/Bamako,UTC +0.0,12.044277263681,-8.66080709578013
Mali,Mali,ML,,,Koulikoro,,Kangaba,,Narena,,Karan,Africa/Bamako,UTC +0.0,12.1545976529521,-8.49369639742555
Mali,Mali,ML,,,Koulikoro,,Kangaba,,Narena,,Narena,Africa/Bamako,UTC +0.0,12.2418732368668,-8.60948241449171
Mali,Mali,ML,,,Koulikoro,,Kati,,Baguineda,,Baguineda,Africa/Bamako,UTC +0.0,12.6171828698741,-7.64359945506725
Mali,Mali,ML,,,Koulikoro,,Kati,,Baguineda,,Mountougoula,Africa/Bamako,UTC +0.0,12.4803113532803,-7.77961281586802
Mali,Mali,ML,,,Koulikoro,,Kati,,Baguineda,,N'Gouraba,Africa/Bamako,UTC +0.0,12.4345762071238,-7.49290638920757
Mali,Mali,ML,,,Koulikoro,,Kati,,Baguineda,,Tiele,Africa/Bamako,UTC +0.0,12.2621390734422,-7.5309164073947
Mali,Mali,ML,,,Koulikoro,,Kati,,Kalban-Coro,,Dialakorodji,Africa/Bamako,UTC +0.0,12.7238092789911,-7.97133485493312
Mali,Mali,ML,,,Koulikoro,,Kati,,Kalban-Coro,,Dogodouman,Africa/Bamako,UTC +0.0,12.6350394626512,-8.07144638257843
Mali,Mali,ML,,,Koulikoro,,Kati,,Kalban-Coro,,Kalabancoro,Africa/Bamako,UTC +0.0,12.5263264967449,-7.94610946979674
Mali,Mali,ML,,,Koulikoro,,Kati,,Kalban-Coro,,Mande,Africa/Bamako,UTC +0.0,12.428787378336,-8.16413445229444
Mali,Mali,ML,,,Koulikoro,,Kati,,Kalban-Coro,,Moribabougou,Africa/Bamako,UTC +0.0,12.7152627320547,-7.85546796255219
Mali,Mali,ML,,,Koulikoro,,Kati,,Kalban-Coro,,N'Gabacoro Droit,Africa/Bamako,UTC +0.0,12.6797951114585,-7.81016892597083
Mali,Mali,ML,,,Koulikoro,,Kati,,Kalban-Coro,,Safo,Africa/Bamako,UTC +0.0,12.8260075939893,-7.8912631515609
Mali,Mali,ML,,,Koulikoro,,Kati,,Kalban-Coro,,Sangarebougou,Africa/Bamako,UTC +0.0,12.7003450751988,-7.92714948199604
Mali,Mali,ML,,,Koulikoro,,Kati,,Kati,,Diago,Africa/Bamako,UTC +0.0,12.8252498706322,-8.13680233328004
Mali,Mali,ML,,,Koulikoro,,Kati,,Kati,,Dio-Gare,Africa/Bamako,UTC +0.0,12.8517752503045,-8.25028169544639
Mali,Mali,ML,,,Koulikoro,,Kati,,Kati,,Dombila,Africa/Bamako,UTC +0.0,12.6910657121579,-8.29466119553639
Mali,Mali,ML,,,Koulikoro,,Kati,,Kati,,Doubabougou,Africa/Bamako,UTC +0.0,12.6674173332359,-8.19425295541965
Mali,Mali,ML,,,Koulikoro,,Kati,,Kati,,Kalifabougou,Africa/Bamako,UTC +0.0,12.9667878178048,-8.18834946322174
Mali,Mali,ML,,,Koulikoro,,Kati,,Kati,,Kambila,Africa/Bamako,UTC +0.0,12.7866194215721,-8.0621456093026
Mali,Mali,ML,,,Koulikoro,,Kati,,Kati,,Kati,Africa/Bamako,UTC +0.0,12.7333814460965,-8.07154292379002
Mali,Mali,ML,,,Koulikoro,,Kati,,Kati,,Yelekebougou,Africa/Bamako,UTC +0.0,12.9891933471647,-7.99781332256093
Mali,Mali,ML,,,Koulikoro,,Kati,,Kourouba,,Faraba-Kat,Africa/Bamako,UTC +0.0,11.9545202138468,-8.10470156947692
Mali,Mali,ML,,,Koulikoro,,Kati,,Kourouba,,Kourouba,Africa/Bamako,UTC +0.0,12.033683403706,-8.24344708258431
Mali,Mali,ML,,,Koulikoro,,Kati,,Kourouba,,Niagadina,Africa/Bamako,UTC +0.0,12.1236982679914,-8.22473963863366
Mali,Mali,ML,,,Koulikoro,,Kati,,Kourouba,,Tiakadougou-Dialakoro,Africa/Bamako,UTC +0.0,11.7706922253524,-8.08986098998209
Mali,Mali,ML,,,Koulikoro,,Kati,,Neguela,,Bossofala,Africa/Bamako,UTC +0.0,12.7977868879917,-8.48914590321478
Mali,Mali,ML,,,Koulikoro,,Kati,,Neguela,,Daban,Africa/Bamako,UTC +0.0,13.3295269396595,-8.38657178532056
Mali,Mali,ML,,,Koulikoro,,Kati,,Neguela,,Diedougou-Kat,Africa/Bamako,UTC +0.0,13.0840402041258,-8.19016652969525
Mali,Mali,ML,,,Koulikoro,,Kati,,Neguela,,N'Tjiba,Africa/Bamako,UTC +0.0,13.1272884445119,-8.41713287598219
Mali,Mali,ML,,,Koulikoro,,Kati,,Ouelessebougou,,Ouelessebougou,Africa/Bamako,UTC +0.0,12.0084585622091,-7.87412489216415
Mali,Mali,ML,,,Koulikoro,,Kati,,Ouelessebougou,,Sanankoro Djitoumou,Africa/Bamako,UTC +0.0,12.0822978771372,-7.65013635761023
Mali,Mali,ML,,,Koulikoro,,Kati,,Sanakoroba,,Bougoula-Kat,Africa/Bamako,UTC +0.0,12.2862550456679,-7.7398708676214
Mali,Mali,ML,,,Koulikoro,,Kati,,Sanakoroba,,Dialakoroba,Africa/Bamako,UTC +0.0,12.1909401538956,-7.99935803118701
Mali,Mali,ML,,,Koulikoro,,Kati,,Sanakoroba,,Sanankoroba,Africa/Bamako,UTC +0.0,12.372344178306,-7.9856753034742
Mali,Mali,ML,,,Koulikoro,,Kati,,Siby,,Bancoumana,Africa/Bamako,UTC +0.0,12.1956458860094,-8.33992050985112
Mali,Mali,ML,,,Koulikoro,,Kati,,Siby,,Nioumamakana,Africa/Bamako,UTC +0.0,12.4190339238096,-8.91096445627374
Mali,Mali,ML,,,Koulikoro,,Kati,,Siby,,Siby,Africa/Bamako,UTC +0.0,12.4437131273656,-8.42136408367442
Mali,Mali,ML,,,Koulikoro,,Kati,,Siby,,Sobra,Africa/Bamako,UTC +0.0,12.4732817133884,-8.73022127643759
Mali,Mali,ML,,,Koulikoro,,Kolokani,,Djidieni,,Didieni,Africa/Bamako,UTC +0.0,13.9259857968581,-8.1360078506689
Mali,Mali,ML,,,Koulikoro,,Kolokani,,Djidieni,,Sagabala,Africa/Bamako,UTC +0.0,14.1489430677292,-8.35470086357119
Mali,Mali,ML,,,Koulikoro,,Kolokani,,Kolokani,,Guihoyo,Africa/Bamako,UTC +0.0,13.4474828856578,-8.27311033080825
Mali,Mali,ML,,,Koulikoro,,Kolokani,,Kolokani,,Kolokani,Africa/Bamako,UTC +0.0,13.6378510178187,-7.99035547558094
Mali,Mali,ML,,,Koulikoro,,Kolokani,,Kolokani,,Sebecoro 1,Africa/Bamako,UTC +0.0,13.6955591313119,-8.33522630952909
Mali,Mali,ML,,,Koulikoro,,Kolokani,,Kolokani,,Tioribougou,Africa/Bamako,UTC +0.0,13.3860632966927,-8.03576943474781
Mali,Mali,ML,,,Koulikoro,,Kolokani,,Massantola,,Massantola,Africa/Bamako,UTC +0.0,13.5708489128015,-7.76332626831844
Mali,Mali,ML,,,Koulikoro,,Kolokani,,Nonssonbougou,,Nonkon,Africa/Bamako,UTC +0.0,13.2581057598539,-7.82662114059598
Mali,Mali,ML,,,Koulikoro,,Kolokani,,Nonssonbougou,,Nossombougou,Africa/Bamako,UTC +0.0,13.0849073874909,-7.94213530924201
Mali,Mali,ML,,,Koulikoro,,Kolokani,,Nonssonbougou,,Ouolodo,Africa/Bamako,UTC +0.0,13.198776835269,-8.00217002521391
Mali,Mali,ML,,,Koulikoro,,Koulikoro,,Kenekou,,Dinandougou-Kou,Africa/Bamako,UTC +0.0,13.0633605038119,-7.17239411708506
Mali,Mali,ML,,,Koulikoro,,Koulikoro,,Koula (Koul),,Doumba,Africa/Bamako,UTC +0.0,13.1302063676101,-7.56683494343579
Mali,Mali,ML,,,Koulikoro,,Koulikoro,,Koula (Koul),,Koula-Kol,Africa/Bamako,UTC +0.0,13.0909235564516,-7.64659301943996
Mali,Mali,ML,,,Koulikoro,,Koulikoro,,Koulakoulikoro,,Koulikoro,Africa/Bamako,UTC +0.0,12.8626115291494,-7.56571001411066
Mali,Mali,ML,,,Koulikoro,,Koulikoro,,Koulakoulikoro,,Meguetan,Africa/Bamako,UTC +0.0,12.9161418615235,-7.49951951189735
Mali,Mali,ML,,,Koulikoro,,Koulikoro,,Niamina,,Nyamina,Africa/Bamako,UTC +0.0,13.4507347498117,-6.97226052309548
Mali,Mali,ML,,,Koulikoro,,Koulikoro,,Sirakorola,,Sirakorola,Africa/Bamako,UTC +0.0,13.2875250480773,-7.52001515142046
Mali,Mali,ML,,,Koulikoro,,Koulikoro,,Tienfala,,Tienfala,Africa/Bamako,UTC +0.0,12.843695626033,-7.76390734641715
Mali,Mali,ML,,,Koulikoro,,Koulikoro,,Tougouni,,Tougouni,Africa/Bamako,UTC +0.0,13.2286864959345,-7.22928583868164
Mali,Mali,ML,,,Koulikoro,,Nara,,Balle,,Allahina,Africa/Bamako,UTC +0.0,15.1462692239643,-8.71209780748308
Mali,Mali,ML,,,Koulikoro,,Nara,,Balle,,Dabo,Africa/Bamako,UTC +0.0,14.9948145151309,-8.40385084636112
Mali,Mali,ML,,,Koulikoro,,Nara,,Balle,,Dogofry-Nar,Africa/Bamako,UTC +0.0,15.3327073201391,-8.47089402830367
Mali,Mali,ML,,,Koulikoro,,Nara,,Dilly,,Dilly,Africa/Bamako,UTC +0.0,15.0470469158074,-7.80273576763318
Mali,Mali,ML,,,Koulikoro,,Nara,,Falou,,Fallou,Africa/Bamako,UTC +0.0,14.5965026777696,-8.07319590352962
Mali,Mali,ML,,,Koulikoro,,Nara,,Guire,,Guire,Africa/Bamako,UTC +0.0,14.9227989515092,-6.71599902271605
Mali,Mali,ML,,,Koulikoro,,Nara,,Mourdiah,,Niamana-Nar,Africa/Bamako,UTC +0.0,14.4610812491007,-7.32694167262314
Mali,Mali,ML,,,Koulikoro,,Nara,,Nara,,Gueneibe,Africa/Bamako,UTC +0.0,15.2785928519014,-6.99149426102848
Mali,Mali,ML,,,Koulikoro,,Nara,,Nara,,Koronga,Africa/Bamako,UTC +0.0,15.3544679701613,-7.46684103163983
Mali,Mali,ML,,,Koulikoro,,Nara,,Nara,,Nara,Africa/Bamako,UTC +0.0,15.1606705680179,-7.20003439935769
Mali,Mali,ML,,,Koulikoro,,Nara,,Nara,,Ouagadou,Africa/Bamako,UTC +0.0,14.9458724334982,-7.39895962045969
Mali,Mali,ML,,,Mopti,,Bandiagara,,Bandiagara,,Bandiagara,Africa/Bamako,UTC +0.0,14.3451483611138,-3.60712646988083
Mali,Mali,ML,,,Mopti,,Bandiagara,,Bandiagara,,Dandoli,Africa/Bamako,UTC +0.0,14.3609964449803,-3.5330401344757
Mali,Mali,ML,,,Mopti,,Bandiagara,,Bandiagara,,Doucoumbo,Africa/Bamako,UTC +0.0,14.3590105966619,-3.66292612987936
Mali,Mali,ML,,,Mopti,,Bandiagara,,Bandiagara,,Soroly,Africa/Bamako,UTC +0.0,14.4448624394464,-3.52686898411376
Mali,Mali,ML,,,Mopti,,Bandiagara,,Dourou,,Dourou,Africa/Bamako,UTC +0.0,14.294871153528,-3.44034911093953
Mali,Mali,ML,,,Mopti,,Bandiagara,,Dourou,,Pelou,Africa/Bamako,UTC +0.0,14.3599632937791,-3.44846048385273
Mali,Mali,ML,,,Mopti,,Bandiagara,,Goundaka,,Lowol Gueou,Africa/Bamako,UTC +0.0,14.8387959362898,-3.74181057933987
Mali,Mali,ML,,,Mopti,,Bandiagara,,Goundaka,,Pignari Bana,Africa/Bamako,UTC +0.0,14.5274619108877,-3.83510745460404
Mali,Mali,ML,,,Mopti,,Bandiagara,,Kani-Gogouna,,Wadouba,Africa/Bamako,UTC +0.0,14.5350934151575,-3.36650967219207
Mali,Mali,ML,,,Mopti,,Bandiagara,,Kendie,,Borko,Africa/Bamako,UTC +0.0,14.9865206595734,-3.37797765061159
Mali,Mali,ML,,,Mopti,,Bandiagara,,Kendie,,Dogani Bere,Africa/Bamako,UTC +0.0,14.8969509780247,-3.38577502134575
Mali,Mali,ML,,,Mopti,,Bandiagara,,Kendie,,Kende,Africa/Bamako,UTC +0.0,14.7591211205079,-3.40811214505968
Mali,Mali,ML,,,Mopti,,Bandiagara,,Kendie,,Kendie,Africa/Bamako,UTC +0.0,14.7001469384087,-3.55572435645576
Mali,Mali,ML,,,Mopti,,Bandiagara,,Ningari,,Diamnati,Africa/Bamako,UTC +0.0,14.8289165921615,-3.25195939994268
Mali,Mali,ML,,,Mopti,,Bandiagara,,Ningari,,Metoumou,Africa/Bamako,UTC +0.0,14.7711099087513,-3.1102470653866
Mali,Mali,ML,,,Mopti,,Bandiagara,,Ningari,,Ondougou,Africa/Bamako,UTC +0.0,14.6715754672527,-3.2091598950919
Mali,Mali,ML,,,Mopti,,Bandiagara,,Ningari,,Segue Ire,Africa/Bamako,UTC +0.0,14.6800940160184,-3.28659618226296
Mali,Mali,ML,,,Mopti,,Bandiagara,,Ouo,,Bara Sara,Africa/Bamako,UTC +0.0,14.1403804467028,-3.82075206431904
Mali,Mali,ML,,,Mopti,,Bandiagara,,Ouo,,Pignari,Africa/Bamako,UTC +0.0,14.2426149514008,-3.91355014999678
Mali,Mali,ML,,,Mopti,,Bandiagara,,Ouo,,Timiri,Africa/Bamako,UTC +0.0,13.9934698357736,-3.97381842354072
Mali,Mali,ML,,,Mopti,,Bandiagara,,Sangha,,Sangha,Africa/Bamako,UTC +0.0,14.4762652987257,-3.27310334817391
Mali,Mali,ML,,,Mopti,,Bankass,,Bankass,,Bankass,Africa/Bamako,UTC +0.0,14.047302810064,-3.48770155763431
Mali,Mali,ML,,,Mopti,,Bankass,,Baye,,Baye-Ban,Africa/Bamako,UTC +0.0,13.5161689396843,-3.37675937119495
Mali,Mali,ML,,,Mopti,,Bankass,,Diallassagou,,Diallassagou,Africa/Bamako,UTC +0.0,13.7061113654423,-3.60776177848235
Mali,Mali,ML,,,Mopti,,Bankass,,Diallassagou,,Koulogon Habe,Africa/Bamako,UTC +0.0,13.7857523699984,-3.46013723527838
Mali,Mali,ML,,,Mopti,,Bankass,,Diallassagou,,Lessagou Habe,Africa/Bamako,UTC +0.0,13.8229318309524,-3.60184028375022
Mali,Mali,ML,,,Mopti,,Bankass,,Diallassagou,,Soubala,Africa/Bamako,UTC +0.0,13.9032332721603,-3.51478750825168
Mali,Mali,ML,,,Mopti,,Bankass,,Diallassagou,,Tori,Africa/Bamako,UTC +0.0,13.5994607433313,-3.62515443945052
Mali,Mali,ML,,,Mopti,,Bankass,,Kani-Bonzon,,Dimbal Habe,Africa/Bamako,UTC +0.0,14.0017450687754,-3.64682407821883
Mali,Mali,ML,,,Mopti,,Bankass,,Kani-Bonzon,,Kani Bozon,Africa/Bamako,UTC +0.0,14.1312552163059,-3.58496641438939
Mali,Mali,ML,,,Mopti,,Bankass,,Ouenkoro,,Ouonkoro,Africa/Bamako,UTC +0.0,13.3299927594245,-3.68137808806129
Mali,Mali,ML,,,Mopti,,Bankass,,Segue,,Segue,Africa/Bamako,UTC +0.0,13.7963233553726,-3.84721326694787
Mali,Mali,ML,,,Mopti,,Bankass,,Sokoura,,Sokoura,Africa/Bamako,UTC +0.0,13.4979069512721,-3.71990569407861
Mali,Mali,ML,,,Mopti,,Djenné,,Djenné,,Derrary,Africa/Bamako,UTC +0.0,14.0392505563359,-4.46982674706112
Mali,Mali,ML,,,Mopti,,Djenné,,Djenné,,Djenne,Africa/Bamako,UTC +0.0,13.8750343213955,-4.50382940382876
Mali,Mali,ML,,,Mopti,,Djenné,,Djenné,,Ouro Ali,Africa/Bamako,UTC +0.0,13.9964841076038,-4.58985501964822
Mali,Mali,ML,,,Mopti,,Djenné,,Djenné,,Pondori,Africa/Bamako,UTC +0.0,13.8570584597158,-4.6165097854609
Mali,Mali,ML,,,Mopti,,Djenné,,Konio,,Dandougou Fakala,Africa/Bamako,UTC +0.0,13.7283894732905,-4.50094685504502
Mali,Mali,ML,,,Mopti,,Djenné,,Konio,,Niansanari,Africa/Bamako,UTC +0.0,13.6702767965526,-4.60660030081622
Mali,Mali,ML,,,Mopti,,Djenné,,Kouakourou,,Kewa,Africa/Bamako,UTC +0.0,14.1337060830825,-4.65538169091333
Mali,Mali,ML,,,Mopti,,Djenné,,Kouakourou,,Togue Mourari,Africa/Bamako,UTC +0.0,14.3302539486066,-4.6609897646254
Mali,Mali,ML,,,Mopti,,Djenné,,Mougna,,Nema Badenyakafo,Africa/Bamako,UTC +0.0,13.8175819300031,-4.76320328291534
Mali,Mali,ML,,,Mopti,,Djenné,,Sofara,,Fakala-Dje,Africa/Bamako,UTC +0.0,14.019329049239,-4.19909709493152
Mali,Mali,ML,,,Mopti,,Djenné,,Sofara,,Madiama,Africa/Bamako,UTC +0.0,13.8392109922518,-4.37571363987736
Mali,Mali,ML,,,Mopti,,Djenné,,Taga,,Femaye,Africa/Bamako,UTC +0.0,13.9912396095309,-4.36483744093788
Mali,Mali,ML,,,Mopti,,Douentza,,Boni,,Haire,Africa/Bamako,UTC +0.0,15.0113404626338,-2.21565274430495
Mali,Mali,ML,,,Mopti,,Douentza,,Bore,,Dangol Bore,Africa/Bamako,UTC +0.0,15.1826404993842,-3.47983174776395
Mali,Mali,ML,,,Mopti,,Douentza,,Douentza,,Dallah,Africa/Bamako,UTC +0.0,14.9733350073622,-2.58719070668076
Mali,Mali,ML,,,Mopti,,Douentza,,Douentza,,Debere,Africa/Bamako,UTC +0.0,15.1210338933619,-3.01759231549477
Mali,Mali,ML,,,Mopti,,Douentza,,Douentza,,Dianwely,Africa/Bamako,UTC +0.0,14.8665018714609,-2.92043634247808
Mali,Mali,ML,,,Mopti,,Douentza,,Douentza,,Douentza,Africa/Bamako,UTC +0.0,15.0002707208175,-2.92345100813753
Mali,Mali,ML,,,Mopti,,Douentza,,Douentza,,Gandamia,Africa/Bamako,UTC +0.0,15.3020661564719,-2.70202733787808
Mali,Mali,ML,,,Mopti,,Douentza,,Douentza,,Kerena,Africa/Bamako,UTC +0.0,14.9412292648461,-2.76422503896286
Mali,Mali,ML,,,Mopti,,Douentza,,Douentza,,Korarou,Africa/Bamako,UTC +0.0,15.2800936081732,-3.06995446031893
Mali,Mali,ML,,,Mopti,,Douentza,,Douentza,,Koubewel Koundia,Africa/Bamako,UTC +0.0,15.011458178593,-3.07993735570697
Mali,Mali,ML,,,Mopti,,Douentza,,Douentza,,Petaka,Africa/Bamako,UTC +0.0,15.0687730865645,-2.79796651569135
Mali,Mali,ML,,,Mopti,,Douentza,,Douentza,,Tedie,Africa/Bamako,UTC +0.0,14.901323773972,-3.07091571540115
Mali,Mali,ML,,,Mopti,,Douentza,,Hombori,,Hombori,Africa/Bamako,UTC +0.0,15.2517320557126,-1.6552775255207
Mali,Mali,ML,,,Mopti,,Douentza,,Mondoro,,Mondoro,Africa/Bamako,UTC +0.0,14.8506587118651,-1.53513025947636
Mali,Mali,ML,,,Mopti,,Douentza,,NGouma,,Djaptodji,Africa/Bamako,UTC +0.0,15.6133494386367,-3.12572066014008
Mali,Mali,ML,,,Mopti,,Koro,,Diankabou,,Bamba-Kor,Africa/Bamako,UTC +0.0,14.6484747600035,-3.10992087877211
Mali,Mali,ML,,,Mopti,,Koro,,Diankabou,,Diankabou,Africa/Bamako,UTC +0.0,14.6207742795044,-2.93004130284902
Mali,Mali,ML,,,Mopti,,Koro,,Diankabou,,Kassa,Africa/Bamako,UTC +0.0,14.7606476207546,-3.0202229408908
Mali,Mali,ML,,,Mopti,,Koro,,Dinangourou,,Dinangourou-Kor,Africa/Bamako,UTC +0.0,14.483914889714,-2.36060273049396
Mali,Mali,ML,,,Mopti,,Koro,,Dinangourou,,Yoro,Africa/Bamako,UTC +0.0,14.3117375704282,-2.12255639699841
Mali,Mali,ML,,,Mopti,,Koro,,Dioungani,,Dioungani,Africa/Bamako,UTC +0.0,14.4137413418491,-2.71457583382763
Mali,Mali,ML,,,Mopti,,Koro,,Koporokeniena,,Koporo Pen,Africa/Bamako,UTC +0.0,14.2457447171599,-3.28917500640883
Mali,Mali,ML,,,Mopti,,Koro,,Koporokeniena,,Koporokendie Na,Africa/Bamako,UTC +0.0,14.1539023112079,-3.37268539134968
Mali,Mali,ML,,,Mopti,,Koro,,Koporokeniena,,Pel Maoude,Africa/Bamako,UTC +0.0,14.0618072471715,-3.29422707650132
Mali,Mali,ML,,,Mopti,,Koro,,Koro-Central,,Bondo,Africa/Bamako,UTC +0.0,14.1523396787313,-2.94029143583526
Mali,Mali,ML,,,Mopti,,Koro,,Koro-Central,,Koro,Africa/Bamako,UTC +0.0,13.9074493020954,-3.03702743281495
Mali,Mali,ML,,,Mopti,,Koro,,Koro-Central,,Youdiou,Africa/Bamako,UTC +0.0,14.2414432947882,-3.1658328316476
Mali,Mali,ML,,,Mopti,,Koro,,Madougou,,Barapireli,Africa/Bamako,UTC +0.0,14.316186565132,-3.07243309208426
Mali,Mali,ML,,,Mopti,,Koro,,Madougou,,Madougou,Africa/Bamako,UTC +0.0,14.3964847293872,-3.06307528281857
Mali,Mali,ML,,,Mopti,,Koro,,Toroli,,Dougoutene 1,Africa/Bamako,UTC +0.0,13.8787422337153,-3.23633437303286
Mali,Mali,ML,,,Mopti,,Koro,,Toroli,,Dougoutene 2,Africa/Bamako,UTC +0.0,13.9120325858486,-3.36460535313909
Mali,Mali,ML,,,Mopti,,Mopti,,Dialloube,,Dialloube,Africa/Bamako,UTC +0.0,14.9497690133451,-4.19677164387844
Mali,Mali,ML,,,Mopti,,Mopti,,Fatoma,,Bassirou,Africa/Bamako,UTC +0.0,14.6951243977969,-4.01301066407866
Mali,Mali,ML,,,Mopti,,Mopti,,Fatoma,,Fatoma,Africa/Bamako,UTC +0.0,14.6200731865947,-3.97216764613271
Mali,Mali,ML,,,Mopti,,Mopti,,Fatoma,,Fatoma,Africa/Bamako,UTC +0.0,14.6652038592333,-4.14213706189962
Mali,Mali,ML,,,Mopti,,Mopti,,Fatoma,,Kounari,Africa/Bamako,UTC +0.0,14.7095355447161,-3.98221202953269
Mali,Mali,ML,,,Mopti,,Mopti,,Konna,,Borondougou,Africa/Bamako,UTC +0.0,14.8158050597565,-3.9851974071545
Mali,Mali,ML,,,Mopti,,Mopti,,Konna,,Konna,Africa/Bamako,UTC +0.0,14.9642815342541,-3.91318376079447
Mali,Mali,ML,,,Mopti,,Mopti,,Korientze,,Korombana,Africa/Bamako,UTC +0.0,15.3731322503082,-3.76740256504834
Mali,Mali,ML,,,Mopti,,Mopti,,Mopti,,Mopti,Africa/Bamako,UTC +0.0,14.4840008735419,-4.1844282827772
Mali,Mali,ML,,,Mopti,,Mopti,,Mopti,,Socoura,Africa/Bamako,UTC +0.0,14.5344182840738,-4.17806548087068
Mali,Mali,ML,,,Mopti,,Mopti,,Ouromodi,,Koubaye,Africa/Bamako,UTC +0.0,14.4234769174869,-4.42094919954385
Mali,Mali,ML,,,Mopti,,Mopti,,Ouromodi,,Ouro Modi,Africa/Bamako,UTC +0.0,14.2876925106075,-4.53666223874217
Mali,Mali,ML,,,Mopti,,Mopti,,Ouromodi,,Sasalbe,Africa/Bamako,UTC +0.0,14.4419218095693,-4.57117878165326
Mali,Mali,ML,,,Mopti,,Mopti,,Sendegue,,Ouroube Doude,Africa/Bamako,UTC +0.0,15.2361153653347,-3.88532921893487
Mali,Mali,ML,,,Mopti,,Mopti,,Soufouroulaye,,Sio,Africa/Bamako,UTC +0.0,14.330553392424,-4.11713616874934
Mali,Mali,ML,,,Mopti,,Mopti,,Soye,,Soye,Africa/Bamako,UTC +0.0,14.2216037342639,-4.3163062912419
Mali,Mali,ML,,,Mopti,,Ténenkou,,Diafarabe,,Diafarabe,Africa/Bamako,UTC +0.0,14.1126941785661,-5.04359843084907
Mali,Mali,ML,,,Mopti,,Ténenkou,,Diondori,,Diondori,Africa/Bamako,UTC +0.0,14.6617522575076,-4.77803463994557
Mali,Mali,ML,,,Mopti,,Ténenkou,,Dioura,,Kareri,Africa/Bamako,UTC +0.0,14.7425945172478,-5.23287432633945
Mali,Mali,ML,,,Mopti,,Ténenkou,,Sossobe,,Togoro Kotia,Africa/Bamako,UTC +0.0,14.6389672548672,-4.43975036236248
Mali,Mali,ML,,,Mopti,,Ténenkou,,Ténenkou,,Diaka,Africa/Bamako,UTC +0.0,14.3270784628224,-5.00024212899886
Mali,Mali,ML,,,Mopti,,Ténenkou,,Ténenkou,,Ouro Ardo,Africa/Bamako,UTC +0.0,14.5299272032518,-4.77770725874349
Mali,Mali,ML,,,Mopti,,Ténenkou,,Ténenkou,,Ouro Guire,Africa/Bamako,UTC +0.0,14.3981959421832,-4.80270874537185
Mali,Mali,ML,,,Mopti,,Ténenkou,,Ténenkou,,Sougoulbe,Africa/Bamako,UTC +0.0,14.5345285651811,-4.95493930093041
Mali,Mali,ML,,,Mopti,,Ténenkou,,Ténenkou,,Tenenkou,Africa/Bamako,UTC +0.0,14.4570610274645,-4.90186665025748
Mali,Mali,ML,,,Mopti,,Ténenkou,,Toguerecoumbe,,Toguere Coumbe,Africa/Bamako,UTC +0.0,14.9674938667423,-4.67684080692589
Mali,Mali,ML,,,Mopti,,Youwarou,,Ambiri,,Dirma,Africa/Bamako,UTC +0.0,15.4882783508144,-4.15872672420894
Mali,Mali,ML,,,Mopti,,Youwarou,,Ambiri,,Dongo,Africa/Bamako,UTC +0.0,15.6840339339988,-4.22121173590877
Mali,Mali,ML,,,Mopti,,Youwarou,,Dogo,,Bimbere Tama,Africa/Bamako,UTC +0.0,15.1121410215643,-4.41849955546698
Mali,Mali,ML,,,Mopti,,Youwarou,,Gathi-Loumo,,Farimake,Africa/Bamako,UTC +0.0,15.4246271105933,-4.82375296456016
Mali,Mali,ML,,,Mopti,,Youwarou,,Guidiosarre,,Deboye,Africa/Bamako,UTC +0.0,15.2527304541414,-4.09292933642342
Mali,Mali,ML,,,Mopti,,Youwarou,,Sah,,N'Dodjiga,Africa/Bamako,UTC +0.0,15.6139599243694,-4.01006155986406
Mali,Mali,ML,,,Mopti,,Youwarou,,Youvarou,,Youwarou,Africa/Bamako,UTC +0.0,15.4047086168575,-4.33505849232488
Mali,Mali,ML,,,Ségou,,Barouéli,,Barouéli,,Baraoueli,Africa/Bamako,UTC +0.0,13.0940151678694,-6.81514266093574
Mali,Mali,ML,,,Ségou,,Barouéli,,Barouéli,,Kalake,Africa/Bamako,UTC +0.0,12.9583697343369,-6.94825672075093
Mali,Mali,ML,,,Ségou,,Barouéli,,Konobougou,,Konobougou,Africa/Bamako,UTC +0.0,12.9035658617182,-6.71210778360919
Mali,Mali,ML,,,Ségou,,Barouéli,,Sanando,,Gouendo,Africa/Bamako,UTC +0.0,12.8010329922783,-6.43537166252176
Mali,Mali,ML,,,Ségou,,Barouéli,,Sanando,,N'Gassola,Africa/Bamako,UTC +0.0,13.0996100007972,-6.24956344487566
Mali,Mali,ML,,,Ségou,,Barouéli,,Sanando,,Samine,Africa/Bamako,UTC +0.0,13.1564794361248,-6.10274724186046
Mali,Mali,ML,,,Ségou,,Barouéli,,Sanando,,Sanando,Africa/Bamako,UTC +0.0,13.0089788536898,-6.45505475834987
Mali,Mali,ML,,,Ségou,,Barouéli,,Sanando,,Tesserla,Africa/Bamako,UTC +0.0,13.1794802078356,-6.21840405050679
Mali,Mali,ML,,,Ségou,,Barouéli,,Tamani,,Boidie,Africa/Bamako,UTC +0.0,13.2265117462118,-6.84983890377525
Mali,Mali,ML,,,Ségou,,Barouéli,,Tamani,,Dougoufie,Africa/Bamako,UTC +0.0,13.3170560971742,-6.62204267161297
Mali,Mali,ML,,,Ségou,,Barouéli,,Tamani,,Somo-Bar,Africa/Bamako,UTC +0.0,13.3007330360635,-6.69850817294274
Mali,Mali,ML,,,Ségou,,Barouéli,,Tamani,,Tamani,Africa/Bamako,UTC +0.0,13.3199962639713,-6.79236214607362
Mali,Mali,ML,,,Ségou,,Bla,,Bla,,Beguene,Africa/Bamako,UTC +0.0,12.8108213074938,-5.87984307685406
Mali,Mali,ML,,,Ségou,,Bla,,Bla,,Bla,Africa/Bamako,UTC +0.0,12.9639741768653,-5.7001039060624
Mali,Mali,ML,,,Ségou,,Bla,,Bla,,Dougouolo,Africa/Bamako,UTC +0.0,12.9169028978116,-5.57239584768567
Mali,Mali,ML,,,Ségou,,Bla,,Bla,,Kemeni,Africa/Bamako,UTC +0.0,12.9621740595121,-5.483463735163
Mali,Mali,ML,,,Ségou,,Bla,,Bla,,Niala,Africa/Bamako,UTC +0.0,12.9166336524185,-5.84588398400463
Mali,Mali,ML,,,Ségou,,Bla,,Bla,,Somasso,Africa/Bamako,UTC +0.0,12.8471431574344,-5.6496881807602
Mali,Mali,ML,,,Ségou,,Bla,,Bla,,Tiemena,Africa/Bamako,UTC +0.0,12.9439035057924,-5.95040279560729
Mali,Mali,ML,,,Ségou,,Bla,,Diaramana,,Diaramana,Africa/Bamako,UTC +0.0,12.7931502036244,-5.38168137903947
Mali,Mali,ML,,,Ségou,,Bla,,Diaramana,,Samabogo,Africa/Bamako,UTC +0.0,12.837059845379,-5.48912054969161
Mali,Mali,ML,,,Ségou,,Bla,,Falo,,Falo,Africa/Bamako,UTC +0.0,12.8110322290066,-6.19793502037667
Mali,Mali,ML,,,Ségou,,Bla,,Touna,,Diena,Africa/Bamako,UTC +0.0,13.0685358372671,-5.97074484281479
Mali,Mali,ML,,,Ségou,,Bla,,Touna,,Touna,Africa/Bamako,UTC +0.0,13.1321096932038,-5.7544804883015
Mali,Mali,ML,,,Ségou,,Bla,,Yangasso,,Fani,Africa/Bamako,UTC +0.0,13.1940694067116,-5.36102270386845
Mali,Mali,ML,,,Ségou,,Bla,,Yangasso,,Kazangasso,Africa/Bamako,UTC +0.0,13.1183699288385,-5.5487653646419
Mali,Mali,ML,,,Ségou,,Bla,,Yangasso,,Korodougou,Africa/Bamako,UTC +0.0,13.0930408392436,-5.49956161003911
Mali,Mali,ML,,,Ségou,,Bla,,Yangasso,,Koulandougou,Africa/Bamako,UTC +0.0,13.1583147963041,-5.27088677639021
Mali,Mali,ML,,,Ségou,,Bla,,Yangasso,,Yangasso,Africa/Bamako,UTC +0.0,13.0292213100252,-5.31445691442584
Mali,Mali,ML,,,Ségou,,Macina,,Kolongotomo,,Boky Were,Africa/Bamako,UTC +0.0,14.0077762336535,-5.66092750636753
Mali,Mali,ML,,,Ségou,,Macina,,Kolongotomo,,Kokry Centre,Africa/Bamako,UTC +0.0,13.9520740600489,-5.5026278087063
Mali,Mali,ML,,,Ségou,,Macina,,Kolongotomo,,Kolongo,Africa/Bamako,UTC +0.0,13.8983127712645,-5.70635667258681
Mali,Mali,ML,,,Ségou,,Macina,,Macina,,Macina,Africa/Bamako,UTC +0.0,13.9730681534035,-5.34213480118234
Mali,Mali,ML,,,Ségou,,Macina,,Monimpe,,Monimpebougou,Africa/Bamako,UTC +0.0,14.2373775907251,-5.53768858949649
Mali,Mali,ML,,,Ségou,,Macina,,Sarro,,Folomana,Africa/Bamako,UTC +0.0,13.6354734985493,-5.11366795330369
Mali,Mali,ML,,,Ségou,,Macina,,Sarro,,Saloba,Africa/Bamako,UTC +0.0,13.7316850227223,-5.28174262356115
Mali,Mali,ML,,,Ségou,,Macina,,Sarro,,Tongue,Africa/Bamako,UTC +0.0,13.5956357725092,-5.25191280164933
Mali,Mali,ML,,,Ségou,,Macina,,Saye,,Matomo,Africa/Bamako,UTC +0.0,13.9190258792252,-4.92540721935114
Mali,Mali,ML,,,Ségou,,Macina,,Saye,,Sana,Africa/Bamako,UTC +0.0,13.7772842509711,-5.01129300610884
Mali,Mali,ML,,,Ségou,,Macina,,Saye,,Souleye,Africa/Bamako,UTC +0.0,13.8918619291436,-5.18339405828891
Mali,Mali,ML,,,Ségou,,Niono,,Nampala,,Nampalari,Africa/Bamako,UTC +0.0,15.2553945084674,-5.55888127550004
Mali,Mali,ML,,,Ségou,,Niono,,Niono,,Kala Siguida,Africa/Bamako,UTC +0.0,14.2139980112902,-6.11578041026164
Mali,Mali,ML,,,Ségou,,Niono,,Niono,,Mariko,Africa/Bamako,UTC +0.0,14.376965251033,-6.07982248960593
Mali,Mali,ML,,,Ségou,,Niono,,Niono,,Niono,Africa/Bamako,UTC +0.0,14.1862488241835,-5.91763387107284
Mali,Mali,ML,,,Ségou,,Niono,,Niono,,Siribala,Africa/Bamako,UTC +0.0,14.0375878345081,-6.08332134354109
Mali,Mali,ML,,,Ségou,,Niono,,Niono,,Sirifila Boundy,Africa/Bamako,UTC +0.0,14.4081153635673,-5.92993465959669
Mali,Mali,ML,,,Ségou,,Niono,,Niono,,Toridaga-Ko,Africa/Bamako,UTC +0.0,14.4848788865222,-5.78921977739813
Mali,Mali,ML,,,Ségou,,Niono,,Niono,,Yeredon Saniona,Africa/Bamako,UTC +0.0,14.3031492065176,-5.82628438476197
Mali,Mali,ML,,,Ségou,,Niono,,Pogo,,Pogo,Africa/Bamako,UTC +0.0,13.9651889633473,-5.9153332490991
Mali,Mali,ML,,,Ségou,,Niono,,Sokolo,,Diabaly,Africa/Bamako,UTC +0.0,14.7231395949352,-5.79786089027976
Mali,Mali,ML,,,Ségou,,Niono,,Sokolo,,Dogofry-Nio,Africa/Bamako,UTC +0.0,15.0963353913714,-6.1292246790489
Mali,Mali,ML,,,Ségou,,Niono,,Sokolo,,Sokolo,Africa/Bamako,UTC +0.0,14.6568636547797,-6.24561209755532
Mali,Mali,ML,,,Ségou,,San,,Dieli,,Diakourouna,Africa/Bamako,UTC +0.0,12.9108749513979,-5.14967570811185
Mali,Mali,ML,,,Ségou,,San,,Dieli,,Dieli,Africa/Bamako,UTC +0.0,13.0740980492732,-5.10535504102279
Mali,Mali,ML,,,Ségou,,San,,Dieli,,N'Torosso,Africa/Bamako,UTC +0.0,13.1410765717649,-5.05734098813605
Mali,Mali,ML,,,Ségou,,San,,Dieli,,Niamana-San,Africa/Bamako,UTC +0.0,13.0346835190393,-5.18414973090674
Mali,Mali,ML,,,Ségou,,San,,Kassorola,,Kassorola,Africa/Bamako,UTC +0.0,12.7090061733219,-4.91070290685277
Mali,Mali,ML,,,Ségou,,San,,Kassorola,,Moribila,Africa/Bamako,UTC +0.0,12.6354764625859,-5.05231424113189
Mali,Mali,ML,,,Ségou,,San,,Kassorola,,Tourakolomba,Africa/Bamako,UTC +0.0,12.7701022267622,-5.11007358320204
Mali,Mali,ML,,,Ségou,,San,,Kimparana,,Kaniegue,Africa/Bamako,UTC +0.0,12.8607089477222,-5.04924393060529
Mali,Mali,ML,,,Ségou,,San,,Kimparana,,Karaba,Africa/Bamako,UTC +0.0,12.9358704326852,-4.91588406018295
Mali,Mali,ML,,,Ségou,,San,,Kimparana,,Kava,Africa/Bamako,UTC +0.0,12.8357750304087,-4.9023504510831
Mali,Mali,ML,,,Ségou,,San,,Kimparana,,Waki,Africa/Bamako,UTC +0.0,12.8616168183677,-4.79786249926595
Mali,Mali,ML,,,Ségou,,San,,San,,Djeguena,Africa/Bamako,UTC +0.0,13.1916913803299,-5.13513631657962
Mali,Mali,ML,,,Ségou,,San,,San,,N'Goa,Africa/Bamako,UTC +0.0,13.2575840314767,-5.15267749175771
Mali,Mali,ML,,,Ségou,,San,,San,,Niasso,Africa/Bamako,UTC +0.0,13.2741902304961,-5.00887627288632
Mali,Mali,ML,,,Ségou,,San,,San,,San,Africa/Bamako,UTC +0.0,13.3181794826758,-4.89522498503983
Mali,Mali,ML,,,Ségou,,San,,San,,Somo-San,Africa/Bamako,UTC +0.0,13.2710928591732,-4.77977436990089
Mali,Mali,ML,,,Ségou,,San,,San,,Teneni,Africa/Bamako,UTC +0.0,13.3727754264195,-4.79976726626688
Mali,Mali,ML,,,Ségou,,San,,Sourountouna,,Dah,Africa/Bamako,UTC +0.0,13.1411955546138,-4.9024698619641
Mali,Mali,ML,,,Ségou,,San,,Sourountouna,,Sourountouna,Africa/Bamako,UTC +0.0,13.0222234838276,-4.90267049152778
Mali,Mali,ML,,,Ségou,,San,,Sy,,Ouolon,Africa/Bamako,UTC +0.0,13.5269958754001,-4.82587392143399
Mali,Mali,ML,,,Ségou,,San,,Sy,,Siadougou,Africa/Bamako,UTC +0.0,13.4711024093182,-5.11791159163171
Mali,Mali,ML,,,Ségou,,San,,Sy,,Sy,Africa/Bamako,UTC +0.0,13.5252993108263,-4.96738047064493
Mali,Mali,ML,,,Ségou,,San,,Tene,,Baramandougou,Africa/Bamako,UTC +0.0,13.5611262654702,-4.61958291536791
Mali,Mali,ML,,,Ségou,,San,,Tene,,Fion,Africa/Bamako,UTC +0.0,13.4496025756995,-4.72397227818516
Mali,Mali,ML,,,Ségou,,San,,Tene,,Tene,Africa/Bamako,UTC +0.0,13.4326360735231,-4.60756631739252
Mali,Mali,ML,,,Ségou,,Ségou,,Cinzana,,Cinzana,Africa/Bamako,UTC +0.0,13.3219560581949,-5.90818930685275
Mali,Mali,ML,,,Ségou,,Ségou,,Dioro,,Diedougou-Seg,Africa/Bamako,UTC +0.0,13.603423814613,-5.60555228322579
Mali,Mali,ML,,,Ségou,,Ségou,,Dioro,,Dioro,Africa/Bamako,UTC +0.0,13.6547570590735,-5.74414761520283
Mali,Mali,ML,,,Ségou,,Ségou,,Dioro,,Farakou Massa,Africa/Bamako,UTC +0.0,13.6307494563828,-5.90030898376898
Mali,Mali,ML,,,Ségou,,Ségou,,Dioro,,Kamiandougou,Africa/Bamako,UTC +0.0,13.6930540137419,-5.50340869242753
Mali,Mali,ML,,,Ségou,,Ségou,,Doura,,Baguindadougou,Africa/Bamako,UTC +0.0,13.6916243249186,-6.30559694913183
Mali,Mali,ML,,,Ségou,,Ségou,,Doura,,Bellen,Africa/Bamako,UTC +0.0,14.1339221692711,-6.60205755759675
Mali,Mali,ML,,,Ségou,,Ségou,,Doura,,N'Koumandougou,Africa/Bamako,UTC +0.0,13.9359332003102,-6.38401770225398
Mali,Mali,ML,,,Ségou,,Ségou,,Farako,,Diganibougou,Africa/Bamako,UTC +0.0,13.5673792283767,-6.38895820371874
Mali,Mali,ML,,,Ségou,,Ségou,,Farako,,Farako-Seg,Africa/Bamako,UTC +0.0,13.43186843186,-6.41662721673174
Mali,Mali,ML,,,Ségou,,Ségou,,Farako,,Sama Foulala,Africa/Bamako,UTC +0.0,13.4547772212299,-6.49863610764385
Mali,Mali,ML,,,Ségou,,Ségou,,Farako,,Souba,Africa/Bamako,UTC +0.0,13.5461454485251,-6.68722623334314
Mali,Mali,ML,,,Ségou,,Ségou,,Katiena,,Diouna,Africa/Bamako,UTC +0.0,13.4491585206321,-5.80303270380504
Mali,Mali,ML,,,Ségou,,Ségou,,Katiena,,Fatine,Africa/Bamako,UTC +0.0,13.4418467861633,-5.34657985845997
Mali,Mali,ML,,,Ségou,,Ségou,,Katiena,,Katiena,Africa/Bamako,UTC +0.0,13.3452358280347,-5.5774198397525
Mali,Mali,ML,,,Ségou,,Ségou,,Markala,,Boussin,Africa/Bamako,UTC +0.0,13.5029239812836,-5.99740564574183
Mali,Mali,ML,,,Ségou,,Ségou,,Markala,,Dougabougou,Africa/Bamako,UTC +0.0,13.8203555413969,-6.11816627813141
Mali,Mali,ML,,,Ségou,,Ségou,,Markala,,Markala,Africa/Bamako,UTC +0.0,13.6617513094183,-6.07090316450347
Mali,Mali,ML,,,Ségou,,Ségou,,Markala,,Togou,Africa/Bamako,UTC +0.0,13.568632939084,-6.00747929504801
Mali,Mali,ML,,,Ségou,,Ségou,,Sansading,,Sansanding,Africa/Bamako,UTC +0.0,13.7826270640346,-5.99008855610821
Mali,Mali,ML,,,Ségou,,Ségou,,Sansading,,Sibila,Africa/Bamako,UTC +0.0,13.7705717960327,-5.83202973174634
Mali,Mali,ML,,,Ségou,,Ségou,,Ségou,,Konodimini,Africa/Bamako,UTC +0.0,13.2208377202025,-6.47453299060626
Mali,Mali,ML,,,Ségou,,Ségou,,Ségou,,Massala,Africa/Bamako,UTC +0.0,13.2519287953187,-6.49074776720209
Mali,Mali,ML,,,Ségou,,Ségou,,Ségou,,N'Gara,Africa/Bamako,UTC +0.0,13.3048216946174,-6.54372393113523
Mali,Mali,ML,,,Ségou,,Ségou,,Ségou,,Pelengana,Africa/Bamako,UTC +0.0,13.4364639674908,-6.13827341538527
Mali,Mali,ML,,,Ségou,,Ségou,,Ségou,,Sakoiba,Africa/Bamako,UTC +0.0,13.3192143794795,-6.22902693344591
Mali,Mali,ML,,,Ségou,,Ségou,,Ségou,,Sebougou,Africa/Bamako,UTC +0.0,13.3673086820466,-6.3508175024267
Mali,Mali,ML,,,Ségou,,Ségou,,Ségou,,Segou,Africa/Bamako,UTC +0.0,13.4404719984229,-6.25676992901913
Mali,Mali,ML,,,Ségou,,Ségou,,Ségou,,Soignebougou,Africa/Bamako,UTC +0.0,13.2314552989411,-6.34255424509161
Mali,Mali,ML,,,Ségou,,Tominian,,Fangasso,,Fangasso,Africa/Bamako,UTC +0.0,13.5184600674252,-4.39224957563905
Mali,Mali,ML,,,Ségou,,Tominian,,Fangasso,,Ouan,Africa/Bamako,UTC +0.0,13.6842333565635,-4.36399245186893
Mali,Mali,ML,,,Ségou,,Tominian,,Koula,,Koula-Tom,Africa/Bamako,UTC +0.0,13.3443769167601,-4.25776426214838
Mali,Mali,ML,,,Ségou,,Tominian,,Koula,,Lanfiala,Africa/Bamako,UTC +0.0,13.4848918030239,-4.10030730473765
Mali,Mali,ML,,,Ségou,,Tominian,,Mafoune,,Mafoune,Africa/Bamako,UTC +0.0,12.8135384118583,-4.38520952629054
Mali,Mali,ML,,,Ségou,,Tominian,,Mandiakuy,,Benena,Africa/Bamako,UTC +0.0,13.1529364809984,-4.41812801298061
Mali,Mali,ML,,,Ségou,,Tominian,,Mandiakuy,,Diora,Africa/Bamako,UTC +0.0,12.8700770699077,-4.64711094568477
Mali,Mali,ML,,,Ségou,,Tominian,,Mandiakuy,,Mandiakuy,Africa/Bamako,UTC +0.0,12.9794221539697,-4.43462067558364
Mali,Mali,ML,,,Ségou,,Tominian,,Mandiakuy,,Sanekuy,Africa/Bamako,UTC +0.0,13.0300541943886,-4.63839007541323
Mali,Mali,ML,,,Ségou,,Tominian,,Timissa,,Timissa,Africa/Bamako,UTC +0.0,13.7217213506259,-4.14915851213527
Mali,Mali,ML,,,Ségou,,Tominian,,Tominiam,,Tominian,Africa/Bamako,UTC +0.0,13.2962348324153,-4.54438627629456
Mali,Mali,ML,,,Ségou,,Tominian,,Tominiam,,Yasso,Africa/Bamako,UTC +0.0,13.1404495155648,-4.70460410914308
Mali,Mali,ML,,,Sikasso,,Bougouni,,Bougouni,,Bougouni,Africa/Bamako,UTC +0.0,11.3859887107905,-7.52098036358806
Mali,Mali,ML,,,Sikasso,,Bougouni,,Bougouni,,Faradiele,Africa/Bamako,UTC +0.0,11.3571560503069,-7.63638444904551
Mali,Mali,ML,,,Sikasso,,Bougouni,,Bougouni,,Kokele,Africa/Bamako,UTC +0.0,11.5625570339396,-7.46622939108341
Mali,Mali,ML,,,Sikasso,,Bougouni,,Bougouni,,Kola,Africa/Bamako,UTC +0.0,11.4033451261471,-7.40661385502654
Mali,Mali,ML,,,Sikasso,,Bougouni,,Bougouni,,Sido,Africa/Bamako,UTC +0.0,11.6403595986059,-7.62163528002495
Mali,Mali,ML,,,Sikasso,,Bougouni,,Bougouni,,Tiemala Banimonotie,Africa/Bamako,UTC +0.0,11.1821797475768,-7.52943479762988
Mali,Mali,ML,,,Sikasso,,Bougouni,,Dogosikasso,,Dogo,Africa/Bamako,UTC +0.0,11.9048338715085,-7.35518941546224
Mali,Mali,ML,,,Sikasso,,Bougouni,,Dogosikasso,,Meridiela,Africa/Bamako,UTC +0.0,12.1917129108138,-7.22925223325182
Mali,Mali,ML,,,Sikasso,,Bougouni,,Faragouaran,,Danou,Africa/Bamako,UTC +0.0,11.4255562617819,-7.98702832678969
Mali,Mali,ML,,,Sikasso,,Bougouni,,Faragouaran,,Faragouaran,Africa/Bamako,UTC +0.0,11.3255063899346,-7.8271542899857
Mali,Mali,ML,,,Sikasso,,Bougouni,,Faragouaran,,Kouroulamini,Africa/Bamako,UTC +0.0,11.3778588210593,-7.71521752730116
Mali,Mali,ML,,,Sikasso,,Bougouni,,Garalo,,Bladie-Tiemala,Africa/Bamako,UTC +0.0,10.9425347132953,-7.29570724156111
Mali,Mali,ML,,,Sikasso,,Bougouni,,Garalo,,Defina,Africa/Bamako,UTC +0.0,10.9922802206912,-7.16034498396772
Mali,Mali,ML,,,Sikasso,,Bougouni,,Garalo,,Garalo,Africa/Bamako,UTC +0.0,10.8831485679516,-7.44424092091807
Mali,Mali,ML,,,Sikasso,,Bougouni,,Garalo,,Yiridougou,Africa/Bamako,UTC +0.0,10.8315451460259,-7.16250047444287
Mali,Mali,ML,,,Sikasso,,Bougouni,,Keleya,,Chantoula,Africa/Bamako,UTC +0.0,11.601182968314,-8.00891824690923
Mali,Mali,ML,,,Sikasso,,Bougouni,,Keleya,,Keleya,Africa/Bamako,UTC +0.0,11.8157537516058,-7.72302067437548
Mali,Mali,ML,,,Sikasso,,Bougouni,,Keleya,,Ouroun,Africa/Bamako,UTC +0.0,11.7281915446482,-7.88615995218776
Mali,Mali,ML,,,Sikasso,,Bougouni,,Koumantou,,Koumantou,Africa/Bamako,UTC +0.0,11.4673555179142,-6.7938554527084
Mali,Mali,ML,,,Sikasso,,Bougouni,,Manakoro,,Sibirila,Africa/Bamako,UTC +0.0,10.4574112287045,-7.21833819135746
Mali,Mali,ML,,,Sikasso,,Bougouni,,Manakoro,,Yinindougou,Africa/Bamako,UTC +0.0,10.5861663892184,-7.65423206286196
Mali,Mali,ML,,,Sikasso,,Bougouni,,Sanso,,Debelin,Africa/Bamako,UTC +0.0,11.6174597572254,-7.02703085509877
Mali,Mali,ML,,,Sikasso,,Bougouni,,Sanso,,Domba,Africa/Bamako,UTC +0.0,11.8285646752837,-7.01258933024057
Mali,Mali,ML,,,Sikasso,,Bougouni,,Sanso,,Sanso,Africa/Bamako,UTC +0.0,11.7107165038778,-6.80977654041884
Mali,Mali,ML,,,Sikasso,,Bougouni,,Sanso,,Wola,Africa/Bamako,UTC +0.0,11.6833933325347,-6.6432919981234
Mali,Mali,ML,,,Sikasso,,Bougouni,,Zantiebougou,,Zantiebougou,Africa/Bamako,UTC +0.0,11.4210764063126,-7.226902389947
Mali,Mali,ML,,,Sikasso,,Kadiolo,,Fourou,,Diou,Africa/Bamako,UTC +0.0,10.5980906115873,-5.97942998203708
Mali,Mali,ML,,,Sikasso,,Kadiolo,,Fourou,,Fourou,Africa/Bamako,UTC +0.0,10.705233339155,-6.07219979867657
Mali,Mali,ML,,,Sikasso,,Kadiolo,,Kadiolo,,Dioumatene,Africa/Bamako,UTC +0.0,10.5390126313051,-5.9293884909077
Mali,Mali,ML,,,Sikasso,,Kadiolo,,Kadiolo,,Kadiolo,Africa/Bamako,UTC +0.0,10.5754921724657,-5.78041504045195
Mali,Mali,ML,,,Sikasso,,Kadiolo,,Kadiolo,,Zegoua,Africa/Bamako,UTC +0.0,10.5386599728701,-5.58693317392409
Mali,Mali,ML,,,Sikasso,,Kadiolo,,Loulouni,,Kai,Africa/Bamako,UTC +0.0,10.9435367970599,-5.73084800242887
Mali,Mali,ML,,,Sikasso,,Kadiolo,,Loulouni,,Loulouni,Africa/Bamako,UTC +0.0,10.8111050773519,-5.64303442672638
Mali,Mali,ML,,,Sikasso,,Kadiolo,,Loulouni,,Nimbougou,Africa/Bamako,UTC +0.0,10.8425447807184,-5.48186711384454
Mali,Mali,ML,,,Sikasso,,Kadiolo,,Misseni,,Misseni,Africa/Bamako,UTC +0.0,10.3435781210176,-6.05817061559973
Mali,Mali,ML,,,Sikasso,,Kolondiéba,,Fakola,,Bougoula-Kol,Africa/Bamako,UTC +0.0,10.7323569790014,-6.94937832269457
Mali,Mali,ML,,,Sikasso,,Kolondiéba,,Fakola,,Fakola-Kol,Africa/Bamako,UTC +0.0,10.512276317029,-6.85260181672489
Mali,Mali,ML,,,Sikasso,,Kolondiéba,,Fakola,,Farako-Kol,Africa/Bamako,UTC +0.0,10.7351365364986,-6.82347288941748
Mali,Mali,ML,,,Sikasso,,Kolondiéba,,Kadiana,,Kadiana,Africa/Bamako,UTC +0.0,10.7787656882829,-6.53840479025687
Mali,Mali,ML,,,Sikasso,,Kolondiéba,,Kadiana,,Nangalasso,Africa/Bamako,UTC +0.0,10.964651987003,-6.36813815420237
Mali,Mali,ML,,,Sikasso,,Kolondiéba,,Kadiana,,Tiongui,Africa/Bamako,UTC +0.0,10.7677996645575,-6.34855831475987
Mali,Mali,ML,,,Sikasso,,Kolondiéba,,Kebila,,Kebila,Africa/Bamako,UTC +0.0,11.2407740285991,-7.05590843846039
Mali,Mali,ML,,,Sikasso,,Kolondiéba,,Kolondiéba,,Kolondieba,Africa/Bamako,UTC +0.0,11.0711567048751,-6.80216124954935
Mali,Mali,ML,,,Sikasso,,Kolondiéba,,Kolondiéba,,Mena,Africa/Bamako,UTC +0.0,11.3098333915445,-6.69146867533439
Mali,Mali,ML,,,Sikasso,,Kolondiéba,,Kolondiéba,,N'Golodiana,Africa/Bamako,UTC +0.0,10.9780256900087,-7.0307587212965
Mali,Mali,ML,,,Sikasso,,Kolondiéba,,Toussekela,,Kolosso,Africa/Bamako,UTC +0.0,11.1643989108701,-6.54223418429652
Mali,Mali,ML,,,Sikasso,,Kolondiéba,,Toussekela,,Tousseguela,Africa/Bamako,UTC +0.0,11.0128969319513,-6.5874856416044
Mali,Mali,ML,,,Sikasso,,Koutiala,,Konseguela,,Diedougou-Kou,Africa/Bamako,UTC +0.0,12.3622879312577,-6.04452166749405
Mali,Mali,ML,,,Sikasso,,Koutiala,,Konseguela,,Fagui,Africa/Bamako,UTC +0.0,12.1790978554018,-5.76540679951415
Mali,Mali,ML,,,Sikasso,,Koutiala,,Konseguela,,Konina,Africa/Bamako,UTC +0.0,12.5108380868963,-6.11729848293719
Mali,Mali,ML,,,Sikasso,,Koutiala,,Konseguela,,Konseguela,Africa/Bamako,UTC +0.0,12.3727698823719,-5.88066630871608
Mali,Mali,ML,,,Sikasso,,Koutiala,,Kouniana,,Gouadji Kao,Africa/Bamako,UTC +0.0,12.5351215795973,-5.16073004866357
Mali,Mali,ML,,,Sikasso,,Koutiala,,Kouniana,,Koromo,Africa/Bamako,UTC +0.0,12.6849010977936,-5.19100019524656
Mali,Mali,ML,,,Sikasso,,Koutiala,,Kouniana,,Kouniana,Africa/Bamako,UTC +0.0,12.5831510561581,-5.13513434122116
Mali,Mali,ML,,,Sikasso,,Koutiala,,Kouniana,,Niantaga,Africa/Bamako,UTC +0.0,12.7462657754681,-5.28822093029211
Mali,Mali,ML,,,Sikasso,,Koutiala,,Kouniana,,Songo Doubakore,Africa/Bamako,UTC +0.0,12.6017532797524,-5.32172693851112
Mali,Mali,ML,,,Sikasso,,Koutiala,,Kouniana,,Sorobasso,Africa/Bamako,UTC +0.0,12.5235593364858,-5.25372191352256
Mali,Mali,ML,,,Sikasso,,Koutiala,,Kouniana,,Zanfigue,Africa/Bamako,UTC +0.0,12.5320660151034,-5.0062611433728
Mali,Mali,ML,,,Sikasso,,Koutiala,,Koutiala,,Koutiala,Africa/Bamako,UTC +0.0,12.4574769012091,-5.48375153413722
Mali,Mali,ML,,,Sikasso,,Koutiala,,Koutiala,,Logouana,Africa/Bamako,UTC +0.0,12.4328547966599,-5.23560412086136
Mali,Mali,ML,,,Sikasso,,Koutiala,,Koutiala,,N'Goutjina,Africa/Bamako,UTC +0.0,12.3261656218809,-5.51447379712352
Mali,Mali,ML,,,Sikasso,,Koutiala,,Koutiala,,Nafanga,Africa/Bamako,UTC +0.0,12.3059603243284,-5.2296769671305
Mali,Mali,ML,,,Sikasso,,Koutiala,,Koutiala,,Nampe,Africa/Bamako,UTC +0.0,12.5901575519008,-5.4147308032733
Mali,Mali,ML,,,Sikasso,,Koutiala,,Koutiala,,Sincina,Africa/Bamako,UTC +0.0,12.3411013162603,-5.37638229679862
Mali,Mali,ML,,,Sikasso,,Koutiala,,Koutiala,,Songoua,Africa/Bamako,UTC +0.0,12.5235779506311,-5.4471366129961
Mali,Mali,ML,,,Sikasso,,Koutiala,,Koutiala,,Yognogo,Africa/Bamako,UTC +0.0,12.4554844601683,-5.32984790016998
Mali,Mali,ML,,,Sikasso,,Koutiala,,Koutiala,,Zebala,Africa/Bamako,UTC +0.0,12.3884885349728,-5.09722115030196
Mali,Mali,ML,,,Sikasso,,Koutiala,,Molobala,,Diouradougou Kafo,Africa/Bamako,UTC +0.0,11.9056236582406,-5.39427202864469
Mali,Mali,ML,,,Sikasso,,Koutiala,,Molobala,,Goudie Sougouna,Africa/Bamako,UTC +0.0,11.9815944147721,-5.31308072346353
Mali,Mali,ML,,,Sikasso,,Koutiala,,Molobala,,Kapala-Kou,Africa/Bamako,UTC +0.0,12.1670117065141,-5.45685146239386
Mali,Mali,ML,,,Sikasso,,Koutiala,,Molobala,,Kolonigue,Africa/Bamako,UTC +0.0,12.1394464056106,-5.31985624569469
Mali,Mali,ML,,,Sikasso,,Koutiala,,Molobala,,Koningue,Africa/Bamako,UTC +0.0,12.1732697304213,-5.17912826532871
Mali,Mali,ML,,,Sikasso,,Koutiala,,MPessoba,,Fakolo-Kou,Africa/Bamako,UTC +0.0,12.6258441980701,-5.52794100598887
Mali,Mali,ML,,,Sikasso,,Koutiala,,MPessoba,,Kafo Faboli,Africa/Bamako,UTC +0.0,12.7110233178135,-5.9365297964936
Mali,Mali,ML,,,Sikasso,,Koutiala,,MPessoba,,Karagouana Malle,Africa/Bamako,UTC +0.0,12.5978164857185,-5.81755023353352
Mali,Mali,ML,,,Sikasso,,Koutiala,,MPessoba,,M'Pessoba,Africa/Bamako,UTC +0.0,12.6645898982289,-5.71192088597947
Mali,Mali,ML,,,Sikasso,,Koutiala,,MPessoba,,Miena,Africa/Bamako,UTC +0.0,12.6194550530788,-5.97590653953925
Mali,Mali,ML,,,Sikasso,,Koutiala,,MPessoba,,N'Tossoni,Africa/Bamako,UTC +0.0,12.5192951915692,-5.80224910673339
Mali,Mali,ML,,,Sikasso,,Koutiala,,MPessoba,,Tao,Africa/Bamako,UTC +0.0,12.663022687821,-5.60080117082755
Mali,Mali,ML,,,Sikasso,,Koutiala,,MPessoba,,Zanina,Africa/Bamako,UTC +0.0,12.7627454878397,-5.60378580506763
Mali,Mali,ML,,,Sikasso,,Koutiala,,Zangasso,,N'Golonianasso,Africa/Bamako,UTC +0.0,12.4127404881605,-5.66178485683781
Mali,Mali,ML,,,Sikasso,,Koutiala,,Zangasso,,Sinkolo,Africa/Bamako,UTC +0.0,12.0521086567017,-5.52954694794138
Mali,Mali,ML,,,Sikasso,,Koutiala,,Zangasso,,Zangasso,Africa/Bamako,UTC +0.0,12.1691223921302,-5.62046349249675
Mali,Mali,ML,,,Sikasso,,Sikasso,,Blendio,,Benkadi-Sik,Africa/Bamako,UTC +0.0,11.6217968631473,-6.47120393907415
Mali,Mali,ML,,,Sikasso,,Sikasso,,Blendio,,Blendio,Africa/Bamako,UTC +0.0,11.5977861501266,-6.3047122434209
Mali,Mali,ML,,,Sikasso,,Sikasso,,Blendio,,Dembela,Africa/Bamako,UTC +0.0,11.7651020808254,-6.35399811902233
Mali,Mali,ML,,,Sikasso,,Sikasso,,Blendio,,Miria,Africa/Bamako,UTC +0.0,11.6971421794454,-6.16980681489282
Mali,Mali,ML,,,Sikasso,,Sikasso,,Blendio,,Tiankadi,Africa/Bamako,UTC +0.0,11.6559351709251,-6.0740509033631
Mali,Mali,ML,,,Sikasso,,Sikasso,,Danderesso,,Danderesso,Africa/Bamako,UTC +0.0,11.5390389792269,-5.37415553524792
Mali,Mali,ML,,,Sikasso,,Sikasso,,Danderesso,,Finkolo,Africa/Bamako,UTC +0.0,11.2366036412782,-5.42318958981367
Mali,Mali,ML,,,Sikasso,,Sikasso,,Danderesso,,Nongo Souala,Africa/Bamako,UTC +0.0,11.7630628664477,-5.50090043518355
Mali,Mali,ML,,,Sikasso,,Sikasso,,Dogori,,Dialakoro,Africa/Bamako,UTC +0.0,12.0477064644034,-6.06443822721295
Mali,Mali,ML,,,Sikasso,,Sikasso,,Dogori,,Dogoni,Africa/Bamako,UTC +0.0,12.1406919083332,-5.94139700689614
Mali,Mali,ML,,,Sikasso,,Sikasso,,Dogori,,Kabarasso,Africa/Bamako,UTC +0.0,12.0209564106046,-5.90012321409462
Mali,Mali,ML,,,Sikasso,,Sikasso,,Finkolo,,Finkolo Ganadougou,Africa/Bamako,UTC +0.0,11.1321873912102,-6.24051399737311
Mali,Mali,ML,,,Sikasso,,Sikasso,,Finkolo,,N'Tjikouna,Africa/Bamako,UTC +0.0,11.1104017535807,-6.21861191635697
Mali,Mali,ML,,,Sikasso,,Sikasso,,Kignan,,Doumanaba,Africa/Bamako,UTC +0.0,11.6415155603896,-5.973037749136
Mali,Mali,ML,,,Sikasso,,Sikasso,,Kignan,,Kignan,Africa/Bamako,UTC +0.0,11.9150861985323,-6.05413811128422
Mali,Mali,ML,,,Sikasso,,Sikasso,,Kignan,,Koumankou,Africa/Bamako,UTC +0.0,12.0607029553161,-6.20537484399661
Mali,Mali,ML,,,Sikasso,,Sikasso,,Kignan,,Kourouma,Africa/Bamako,UTC +0.0,11.862056063723,-5.84751685080487
Mali,Mali,ML,,,Sikasso,,Sikasso,,Kignan,,Sanzana,Africa/Bamako,UTC +0.0,11.7496614347069,-5.94055706896867
Mali,Mali,ML,,,Sikasso,,Sikasso,,Kignan,,Tella,Africa/Bamako,UTC +0.0,11.8847273328083,-6.24492192337756
Mali,Mali,ML,,,Sikasso,,Sikasso,,Klela,,Fama,Africa/Bamako,UTC +0.0,11.5451511031075,-5.64000473376678
Mali,Mali,ML,,,Sikasso,,Sikasso,,Klela,,Gongasso,Africa/Bamako,UTC +0.0,11.5702278902503,-5.82550108060038
Mali,Mali,ML,,,Sikasso,,Sikasso,,Klela,,Klela,Africa/Bamako,UTC +0.0,11.7260893443645,-5.65556369900527
Mali,Mali,ML,,,Sikasso,,Sikasso,,Klela,,Kouoro,Africa/Bamako,UTC +0.0,11.943508508292,-5.6882645589675
Mali,Mali,ML,,,Sikasso,,Sikasso,,Lobougoula,,Kolokoba,Africa/Bamako,UTC +0.0,11.1923427920274,-6.00989910106981
Mali,Mali,ML,,,Sikasso,,Sikasso,,Lobougoula,,Lobougoula,Africa/Bamako,UTC +0.0,11.0042015388119,-5.98891645159814
Mali,Mali,ML,,,Sikasso,,Sikasso,,Niena,,Miniko,Africa/Bamako,UTC +0.0,11.1807750869291,-6.36193217267824
Mali,Mali,ML,,,Sikasso,,Sikasso,,Niena,,Niena,Africa/Bamako,UTC +0.0,11.3835893505427,-6.3427588753914
Mali,Mali,ML,,,Sikasso,,Sikasso,,Niena,,Wateni,Africa/Bamako,UTC +0.0,11.5258476566811,-6.50271205410074
Mali,Mali,ML,,,Sikasso,,Sikasso,,Niena,,Zaniena,Africa/Bamako,UTC +0.0,11.2544120546795,-6.40983727764396
Mali,Mali,ML,,,Sikasso,,Sikasso,,Nkourala,,Farakala,Africa/Bamako,UTC +0.0,11.3824738358298,-5.95382892429862
Mali,Mali,ML,,,Sikasso,,Sikasso,,Nkourala,,Kapolondougou,Africa/Bamako,UTC +0.0,11.4022811998869,-6.06148207002942
Mali,Mali,ML,,,Sikasso,,Sikasso,,Nkourala,,Kofan,Africa/Bamako,UTC +0.0,11.5397572432385,-6.12652424191086
Mali,Mali,ML,,,Sikasso,,Sikasso,,Nkourala,,Zanferebougou,Africa/Bamako,UTC +0.0,11.2709689213722,-6.08869603987412
Mali,Mali,ML,,,Sikasso,,Sikasso,,Sikasso,,Diomatene,Africa/Bamako,UTC +0.0,11.4381617021913,-5.65708713518845
Mali,Mali,ML,,,Sikasso,,Sikasso,,Sikasso,,Kaboila,Africa/Bamako,UTC +0.0,11.1340055572198,-5.5895893394525
Mali,Mali,ML,,,Sikasso,,Sikasso,,Sikasso,,Kafoziela,Africa/Bamako,UTC +0.0,11.4628213654527,-5.60835239600583
Mali,Mali,ML,,,Sikasso,,Sikasso,,Sikasso,,Kapala-Sik,Africa/Bamako,UTC +0.0,11.1313333852899,-5.72082454871948
Mali,Mali,ML,,,Sikasso,,Sikasso,,Sikasso,,Missirikoro,Africa/Bamako,UTC +0.0,11.2595358365444,-5.79306927724331
Mali,Mali,ML,,,Sikasso,,Sikasso,,Sikasso,,Natien,Africa/Bamako,UTC +0.0,11.3617447720893,-5.84820768570569
Mali,Mali,ML,,,Sikasso,,Sikasso,,Sikasso,,Pimperna,Africa/Bamako,UTC +0.0,11.4254145582621,-5.76412999219628
Mali,Mali,ML,,,Sikasso,,Sikasso,,Sikasso,,Sikasso,Africa/Bamako,UTC +0.0,11.3301020999578,-5.65866118472318
Mali,Mali,ML,,,Sikasso,,Sikasso,,Sikasso,,Sokourani,Africa/Bamako,UTC +0.0,11.2059728178341,-5.76150734262607
Mali,Mali,ML,,,Sikasso,,Sikasso,,Sikasso,,Zangaradougou,Africa/Bamako,UTC +0.0,11.3812946028995,-5.54212463837492
Mali,Mali,ML,,,Sikasso,,Yanfolila,,Doussodiana,,Bolo-Fouta,Africa/Bamako,UTC +0.0,11.1521804029016,-7.81540415579121
Mali,Mali,ML,,,Sikasso,,Yanfolila,,Doussodiana,,Djiguiya De Koloni,Africa/Bamako,UTC +0.0,11.0322677059803,-7.74709823724672
Mali,Mali,ML,,,Sikasso,,Yanfolila,,Filamana,,Koussan,Africa/Bamako,UTC +0.0,10.4419728196985,-7.92414088930951
Mali,Mali,ML,,,Sikasso,,Yanfolila,,Gueleninkoro,,Djallon-Foula,Africa/Bamako,UTC +0.0,11.0762032216455,-8.54022465770742
Mali,Mali,ML,,,Sikasso,,Yanfolila,,Gueleninkoro,,Yallankoro-Soloba,Africa/Bamako,UTC +0.0,11.1960851415479,-8.40971719766356
Mali,Mali,ML,,,Sikasso,,Yanfolila,,Kalana,,Gouandiaka,Africa/Bamako,UTC +0.0,10.6597441730957,-8.18446157585849
Mali,Mali,ML,,,Sikasso,,Yanfolila,,Kangare,,Baya,Africa/Bamako,UTC +0.0,11.6419248414592,-8.17487447241905
Mali,Mali,ML,,,Sikasso,,Yanfolila,,Kangare,,Sankarani,Africa/Bamako,UTC +0.0,11.43257749645,-8.41439720857491
Mali,Mali,ML,,,Sikasso,,Yanfolila,,Kangare,,Tagandougou,Africa/Bamako,UTC +0.0,11.5641622645322,-8.35181772251776
Mali,Mali,ML,,,Sikasso,,Yanfolila,,Siekorole,,Sere Moussa Ani,Africa/Bamako,UTC +0.0,11.3565103006931,-8.26234713365661
Mali,Mali,ML,,,Sikasso,,Yanfolila,,Yanfolila,,Wassoulou-Balle,Africa/Bamako,UTC +0.0,11.1444628493791,-8.11211694200973
Mali,Mali,ML,,,Sikasso,,Yanfolila,,Yorobougoula,,Gouanan,Africa/Bamako,UTC +0.0,10.8392302157941,-7.9188446289103
Mali,Mali,ML,,,Sikasso,,Yorosso,,Boura,,Boura,Africa/Bamako,UTC +0.0,12.4349242062252,-4.53167939072357
Mali,Mali,ML,,,Sikasso,,Yorosso,,Boura,,Koumbia,Africa/Bamako,UTC +0.0,12.6495166296991,-4.66067732219505
Mali,Mali,ML,,,Sikasso,,Yorosso,,Boura,,Menamba 1,Africa/Bamako,UTC +0.0,12.3895842227431,-4.67882205012751
Mali,Mali,ML,,,Sikasso,,Yorosso,,Kouri,,Koury,Africa/Bamako,UTC +0.0,12.1379506467896,-4.82559238890195
Mali,Mali,ML,,,Sikasso,,Yorosso,,Kouri,,Ourikela,Africa/Bamako,UTC +0.0,12.0529341406074,-5.07225434614392
Mali,Mali,ML,,,Sikasso,,Yorosso,,Mahou,,Mahou,Africa/Bamako,UTC +0.0,12.1421110012109,-4.66449178686719
Mali,Mali,ML,,,Sikasso,,Yorosso,,Yorosso,,Karangana,Africa/Bamako,UTC +0.0,12.277342690076,-5.00286257085523
Mali,Mali,ML,,,Sikasso,,Yorosso,,Yorosso,,Kiffosso 1,Africa/Bamako,UTC +0.0,12.4515248552113,-4.83444547673708
Mali,Mali,ML,,,Sikasso,,Yorosso,,Yorosso,,Kiffosso 1,Africa/Bamako,UTC +0.0,12.512403936267,-4.8722108905627
Mali,Mali,ML,,,Sikasso,,Yorosso,,Yorosso,,Yorosso,Africa/Bamako,UTC +0.0,12.3491758197531,-4.81387872195428
Mali,Mali,ML,,,Timbuktu,,Diré,,Danga,,Dangha,Africa/Bamako,UTC +0.0,16.4116752519289,-3.16684887148367
Mali,Mali,ML,,,Timbuktu,,Diré,,Danga,,Garbakoira,Africa/Bamako,UTC +0.0,16.5439556592788,-3.17436073258092
Mali,Mali,ML,,,Timbuktu,,Diré,,Diré,,Arham,Africa/Bamako,UTC +0.0,16.3638837448562,-3.40946160418255
Mali,Mali,ML,,,Timbuktu,,Diré,,Diré,,Bourem Sidi Amar,Africa/Bamako,UTC +0.0,16.4008763632085,-3.33066980560472
Mali,Mali,ML,,,Timbuktu,,Diré,,Diré,,Dire,Africa/Bamako,UTC +0.0,16.2614911742361,-3.47138915341579
Mali,Mali,ML,,,Timbuktu,,Diré,,Diré,,Kirchamba,Africa/Bamako,UTC +0.0,16.3328973079668,-3.2651492873136
Mali,Mali,ML,,,Timbuktu,,Diré,,Diré,,Kondi,Africa/Bamako,UTC +0.0,16.3526874068434,-3.51460400090344
Mali,Mali,ML,,,Timbuktu,,Diré,,Diré,,Tienkour,Africa/Bamako,UTC +0.0,16.2384195601462,-3.36128431192942
Mali,Mali,ML,,,Timbuktu,,Diré,,Diré,,Tindirma,Africa/Bamako,UTC +0.0,16.1866410188652,-3.57560150663863
Mali,Mali,ML,,,Timbuktu,,Diré,,Diré,,Tinguereguif,Africa/Bamako,UTC +0.0,16.3802339882348,-3.29536979200126
Mali,Mali,ML,,,Timbuktu,,Diré,,Haibongo,,Haibongo,Africa/Bamako,UTC +0.0,16.2217398878543,-3.21320983289638
Mali,Mali,ML,,,Timbuktu,,Diré,,Sareyamou,,Binga,Africa/Bamako,UTC +0.0,16.0788236468789,-3.45152519094394
Mali,Mali,ML,,,Timbuktu,,Diré,,Sareyamou,,Sareyamou,Africa/Bamako,UTC +0.0,16.1040006940183,-3.21419110152619
Mali,Mali,ML,,,Timbuktu,,Goundam,,Bintagoungou,,Bintagoungou,Africa/Bamako,UTC +0.0,16.6919296710353,-3.76227484331587
Mali,Mali,ML,,,Timbuktu,,Goundam,,Bintagoungou,,Issa Bery,Africa/Bamako,UTC +0.0,18.4475919159618,-4.4915412740328
Mali,Mali,ML,,,Timbuktu,,Goundam,,Bintagoungou,,M'Bouna,Africa/Bamako,UTC +0.0,16.6699274456704,-3.99305132379714
Mali,Mali,ML,,,Timbuktu,,Goundam,,Douekire,,Douekire,Africa/Bamako,UTC +0.0,16.6083435688961,-3.4027380827609
Mali,Mali,ML,,,Timbuktu,,Goundam,,Farach,,Essakane,Africa/Bamako,UTC +0.0,17.5066074675251,-3.73289841667814
Mali,Mali,ML,,,Timbuktu,,Goundam,,Gargando,,Adarmalane,Africa/Bamako,UTC +0.0,16.6275231639774,-4.28187381840909
Mali,Mali,ML,,,Timbuktu,,Goundam,,Gargando,,Gargando,Africa/Bamako,UTC +0.0,16.4148334701033,-4.16862619500335
Mali,Mali,ML,,,Timbuktu,,Goundam,,Goundam,,Doukouria,Africa/Bamako,UTC +0.0,16.4488113568138,-3.77931183693586
Mali,Mali,ML,,,Timbuktu,,Goundam,,Goundam,,Goundam,Africa/Bamako,UTC +0.0,16.4310036169316,-3.71462487545476
Mali,Mali,ML,,,Timbuktu,,Goundam,,Goundam,,Kaneye,Africa/Bamako,UTC +0.0,16.4392559069212,-3.53659684311273
Mali,Mali,ML,,,Timbuktu,,Goundam,,Goundam,,Tele,Africa/Bamako,UTC +0.0,16.565705779551,-3.72717350354354
Mali,Mali,ML,,,Timbuktu,,Goundam,,Raz-El-Ma,,Raz El Ma,Africa/Bamako,UTC +0.0,19.7632622519228,-5.6304886892357
Mali,Mali,ML,,,Timbuktu,,Goundam,,Raz-El-Ma,,Tin Aicha,Africa/Bamako,UTC +0.0,18.7783214314887,-5.02883007101779
Mali,Mali,ML,,,Timbuktu,,Goundam,,Tilemsi (Lenere),,Alzounoub,Africa/Bamako,UTC +0.0,16.6525285174414,-5.17343585650952
Mali,Mali,ML,,,Timbuktu,,Goundam,,Tilemsi (Lenere),,Tilemsi-Gou,Africa/Bamako,UTC +0.0,16.0846250840004,-4.95768826206901
Mali,Mali,ML,,,Timbuktu,,Goundam,,Tonka,,Tonka,Africa/Bamako,UTC +0.0,16.2269333646503,-3.80081179398746
Mali,Mali,ML,,,Timbuktu,,Gourma-Rharous,,Bambara-Maoude,,Bambara Maoude,Africa/Bamako,UTC +0.0,15.7233289798615,-2.65070232162861
Mali,Mali,ML,,,Timbuktu,,Gourma-Rharous,,Gossi,,Gossi,Africa/Bamako,UTC +0.0,15.7548094987427,-1.02768542453286
Mali,Mali,ML,,,Timbuktu,,Gourma-Rharous,,Gourma-Rharous,,Banicane,Africa/Bamako,UTC +0.0,16.927603325841,-1.72529409292331
Mali,Mali,ML,,,Timbuktu,,Gourma-Rharous,,Gourma-Rharous,,Rharous,Africa/Bamako,UTC +0.0,16.8065216555824,-1.91150747393116
Mali,Mali,ML,,,Timbuktu,,Gourma-Rharous,,Haribomo,,Haribomo,Africa/Bamako,UTC +0.0,16.2911712762969,-2.68116383891266
Mali,Mali,ML,,,Timbuktu,,Gourma-Rharous,,Inadiatafane,,Inadiatafane,Africa/Bamako,UTC +0.0,15.7479877489654,-1.98038156922938
Mali,Mali,ML,,,Timbuktu,,Gourma-Rharous,,Modiakoye,,Hamzakona,Africa/Bamako,UTC +0.0,16.4613488104625,-2.13556727644345
Mali,Mali,ML,,,Timbuktu,,Gourma-Rharous,,Modiakoye,,Serere,Africa/Bamako,UTC +0.0,16.7860083594915,-2.26070576733715
Mali,Mali,ML,,,Timbuktu,,Gourma-Rharous,,Ouinerden,,Ouinerden,Africa/Bamako,UTC +0.0,16.6055584790622,-1.30177933487355
Mali,Mali,ML,,,Timbuktu,,Niafunké,,Banikane,,Banikane Narhawa,Africa/Bamako,UTC +0.0,15.9963692900495,-3.2947493600906
Mali,Mali,ML,,,Timbuktu,,Niafunké,,Koumaira,,Koumaira,Africa/Bamako,UTC +0.0,15.7710524746042,-3.88240029438825
Mali,Mali,ML,,,Timbuktu,,Niafunké,,Lere,,Dianke,Africa/Bamako,UTC +0.0,15.7865471686325,-4.61084458771753
Mali,Mali,ML,,,Timbuktu,,Niafunké,,Lere,,Lere,Africa/Bamako,UTC +0.0,15.7153410183611,-4.92205308320515
Mali,Mali,ML,,,Timbuktu,,Niafunké,,NGorkou,,N'Gorkou,Africa/Bamako,UTC +0.0,15.6212126574805,-3.69906190944855
Mali,Mali,ML,,,Timbuktu,,Niafunké,,Niafunké,,Souboundou,Africa/Bamako,UTC +0.0,16.0157004430508,-4.00014962701755
Mali,Mali,ML,,,Timbuktu,,Niafunké,,Sarafere,,Fitounga,Africa/Bamako,UTC +0.0,15.8334632618106,-3.54923328270772
Mali,Mali,ML,,,Timbuktu,,Niafunké,,Soumpi,,Soumpi,Africa/Bamako,UTC +0.0,15.9031965173482,-4.34622403717816
Mali,Mali,ML,,,Timbuktu,,Tombouctou,,Aglal,,Lafia,Africa/Bamako,UTC +0.0,16.6670166786455,-2.62927481523351
Mali,Mali,ML,,,Timbuktu,,Tombouctou,,Ber,,Ber,Africa/Bamako,UTC +0.0,18.3388426772691,-1.75180485661712
Mali,Mali,ML,,,Timbuktu,,Tombouctou,,Bourem-Inaly,,Bourem-Inaly,Africa/Bamako,UTC +0.0,16.8833067630976,-2.71118586835344
Mali,Mali,ML,,,Timbuktu,,Tombouctou,,Tinaguelhaj,,Salam,Africa/Bamako,UTC +0.0,18.7617280920913,-2.78136676134528
Mali,Mali,ML,,,Timbuktu,,Tombouctou,,Tombouctou,,Alafia,Africa/Bamako,UTC +0.0,21.9303572934228,-3.59226948579057
Mali,Mali,ML,,,Timbuktu,,Tombouctou,,Tombouctou,,Tombouctou,Africa/Bamako,UTC +0.0,16.7405037135634,-2.99132484146021
